,date,zipcode,temperature_2m_max,temperature_2m_min,uv_index_max,precipitation_sum,rain_sum,snowfall_sum,wind_speed_10m_max
0,2018-09-10,19102,67.0,55.4,,0.264,0.264,0.0,13.1
1,2016-06-06,19102,,,,,,,
2,2019-05-06,19102,71.6,52.2,,0.102,0.102,0.0,11.5
3,2017-01-17,19102,,,,,,,
4,2022-01-10,19102,41.4,28.2,2.6,0.031,0.031,0.0,15.3
5,2022-04-08,19102,64.2,44.1,6.35,0.728,0.728,0.0,13.7
6,2022-05-08,19102,59.9,42.0,1.25,0.224,0.224,0.0,16.2
7,2019-01-02,19102,44.7,35.3,,0.0,0.0,0.0,5.5
8,2016-07-22,19102,,,,,,,
9,2020-04-03,19102,57.6,45.3,,0.0,0.0,0.0,16.6
10,2019-11-19,19102,50.9,37.0,,0.0,0.0,0.0,4.7
11,2019-06-18,19102,83.7,69.7,,0.043,0.043,0.0,10.9
12,2016-10-06,19102,,,,,,,
13,2019-04-12,19102,75.1,45.7,,0.327,0.327,0.0,13.3
14,2016-09-06,19102,,,,,,,
15,2018-10-14,19102,55.3,42.4,,0.0,0.0,0.0,3.2
16,2019-06-14,19102,73.1,56.4,,0.098,0.098,0.0,13.6
17,2019-08-20,19102,87.7,72.5,,0.0,0.0,0.0,4.7
18,2022-11-09,19102,56.9,39.2,3.5,0.0,0.0,0.0,7.4
19,2018-10-06,19102,68.9,62.3,,0.0,0.0,0.0,4.3
20,2016-06-01,19102,,,,,,,
21,2018-12-10,19102,39.4,23.8,,0.0,0.0,0.0,7.8
22,2019-01-23,19102,45.9,25.1,,0.0,0.0,0.0,7.1
23,2016-05-04,19102,,,,,,,
24,2017-05-26,19102,,,,,,,
25,2022-08-04,19102,95.2,74.6,7.3,0.0,0.0,0.0,10.5
26,2019-02-28,19102,39.1,31.2,,0.0,0.0,0.0,11.6
27,2019-03-16,19102,68.8,43.3,,0.016,0.016,0.0,17.3
28,2022-08-08,19102,94.9,78.6,7.1,0.0,0.0,0.0,13.0
29,2022-07-11,19102,85.1,61.8,7.65,0.0,0.0,0.0,9.1
30,2016-09-08,19102,,,,,,,
31,2020-06-04,19102,88.5,65.1,,4.224,4.224,0.0,7.6
32,2018-08-09,19102,88.5,73.8,,0.0,0.0,0.0,8.7
33,2018-07-03,19102,95.7,71.4,,0.398,0.398,0.0,17.3
34,2018-07-19,19102,88.5,60.9,,0.0,0.0,0.0,5.0
35,2018-10-09,19102,79.6,67.9,,0.0,0.0,0.0,5.6
36,2019-09-18,19102,72.4,54.4,,0.0,0.0,0.0,7.9
37,2022-10-03,19102,50.9,45.4,0.8,0.614,0.614,0.0,14.1
38,2018-10-01,19102,81.2,58.3,,0.0,0.0,0.0,8.2
39,2019-01-11,19102,33.2,26.5,,0.0,0.0,0.0,13.4
40,2018-11-02,19102,72.0,66.7,,0.087,0.087,0.0,12.1
41,2018-10-31,19102,70.3,37.9,,0.0,0.0,0.0,10.9
42,2018-08-20,19102,75.2,66.5,,0.0,0.0,0.0,6.8
43,2019-01-10,19102,38.3,31.3,,0.0,0.0,0.0,17.6
44,2018-07-05,19102,88.9,75.2,,0.0,0.0,0.0,5.2
45,2016-09-02,19102,,,,,,,
46,2018-07-25,19102,82.2,72.8,,4.551,4.551,0.0,7.0
47,2018-07-18,19102,84.8,68.5,,0.0,0.0,0.0,8.1
48,2019-08-19,19102,89.5,73.5,,0.0,0.0,0.0,5.9
49,2018-08-21,19102,77.9,66.7,,0.0,0.0,0.0,7.6
50,2019-05-02,19102,81.4,51.3,,0.0,0.0,0.0,5.9
51,2019-10-05,19102,61.1,43.4,,0.0,0.0,0.0,8.4
52,2019-01-08,19102,43.2,31.6,,0.098,0.098,0.0,5.1
53,2018-07-20,19102,83.6,64.5,,0.0,0.0,0.0,8.8
54,2018-09-20,19102,73.7,66.4,,0.0,0.0,0.0,5.6
55,2019-11-14,19102,45.1,27.3,,0.0,0.0,0.0,9.5
56,2018-07-29,19102,83.5,66.1,,0.0,0.0,0.0,5.9
57,2018-07-02,19102,97.3,72.8,,0.0,0.0,0.0,6.1
58,2019-02-14,19102,45.1,32.2,,0.0,0.0,0.0,10.2
59,2022-09-08,19102,77.5,63.5,6.2,0.0,0.0,0.0,8.8
60,2022-05-12,19102,75.6,55.1,6.8,0.0,0.0,0.0,11.6
61,2019-08-14,19102,79.5,72.2,,1.319,1.319,0.0,5.9
62,2018-09-07,19102,84.8,73.1,,0.169,0.169,0.0,7.0
63,2016-09-01,19102,,,,,,,
64,2022-10-05,19102,60.9,51.1,1.2,0.299,0.299,0.0,11.5
65,2019-01-07,19102,39.9,28.8,,0.0,0.0,0.0,7.1
66,2020-01-22,19102,39.3,20.4,,0.0,0.0,0.0,3.8
67,2019-06-06,19102,83.8,70.1,,0.016,0.016,0.0,9.5
68,2019-02-25,19102,45.7,35.1,,0.0,0.0,0.0,21.8
69,2019-03-18,19102,45.6,31.0,,0.0,0.0,0.0,7.7
70,2018-12-17,19102,46.8,37.6,,0.016,0.016,0.0,12.8
71,2018-09-18,19102,79.8,74.0,,0.118,0.118,0.0,10.3
72,2024-05-13,19102,72.8,45.3,7.15,0.0,0.0,0.0,9.5
73,2016-04-04,19102,,,,,,,
74,2018-12-21,19102,62.6,44.1,,0.756,0.756,0.0,12.0
75,2020-07-06,19102,90.4,67.9,,0.752,0.752,0.0,14.2
76,2019-08-09,19102,86.9,68.4,,0.0,0.0,0.0,10.1
77,2022-04-13,19102,81.6,53.2,6.0,0.0,0.0,0.0,9.4
78,2019-02-08,19102,53.0,40.0,,0.016,0.016,0.0,17.5
79,2019-06-10,19102,75.6,61.3,,0.043,0.043,0.0,11.0
80,2018-08-08,19102,90.3,72.7,,0.126,0.126,0.0,7.2
81,2016-01-04,19102,,,,,,,
82,2018-10-19,19102,61.3,36.6,,0.0,0.0,0.0,9.8
83,2024-03-07,19102,55.7,47.6,1.9,0.028,0.028,0.0,14.3
84,2016-04-05,19102,,,,,,,
85,2022-08-05,19102,92.8,73.4,6.85,0.0,0.0,0.0,10.0
86,2020-01-08,19102,39.5,30.4,,0.043,0.043,0.0,16.5
87,2019-11-15,19102,52.0,30.7,,0.0,0.0,0.0,6.5
88,2019-10-09,19102,58.3,53.7,,0.043,0.043,0.0,12.1
89,2018-11-13,19102,49.1,41.9,,1.169,1.169,0.0,9.3
90,2022-11-07,19102,78.6,67.0,3.6,0.0,0.0,0.0,11.8
91,2019-09-24,19102,82.4,63.4,,0.016,0.016,0.0,9.9
92,2020-01-13,19102,54.8,39.4,,0.0,0.0,0.0,6.4
93,2018-12-07,19102,38.5,31.6,,0.0,0.0,0.0,11.3
94,2019-06-28,19102,90.5,69.1,,0.0,0.0,0.0,6.5
95,2022-12-15,19102,43.7,31.4,0.25,0.835,0.835,0.0,14.0
96,2022-02-07,19102,37.3,29.9,1.35,0.0,0.0,0.0,6.1
97,2019-02-27,19102,37.9,26.6,,0.0,0.0,0.0,7.6
98,2022-01-11,19102,28.4,18.6,2.6,0.0,0.0,0.0,13.8
99,2019-03-27,19102,55.5,30.7,,0.0,0.0,0.0,9.7
100,2018-10-17,19102,62.1,44.5,,0.0,0.0,0.0,13.1
101,2020-05-06,19102,55.0,45.3,,0.075,0.075,0.0,8.9
102,2019-06-17,19102,81.5,69.4,,0.016,0.016,0.0,6.1
103,2020-12-03,19102,51.7,31.0,,0.0,0.0,0.0,9.8
104,2022-05-13,19102,70.9,60.0,5.35,0.0,0.0,0.0,11.4
105,2019-01-30,19102,35.5,13.4,,0.075,0.075,0.0,18.0
106,2016-07-07,19102,,,,,,,
107,2019-08-06,19102,82.4,72.1,,0.016,0.016,0.0,7.7
108,2019-11-21,19102,54.0,37.7,,0.0,0.0,0.0,7.1
109,2020-04-04,19102,55.6,48.1,,0.0,0.0,0.0,11.4
110,2016-12-01,19102,,,,,,,
111,2022-06-08,19102,85.3,69.0,7.6,0.016,0.016,0.0,11.3
112,2018-06-29,19102,91.8,72.3,,0.0,0.0,0.0,8.2
113,2016-02-04,19102,,,,,,,
114,2016-02-13,19102,,,,,,,
115,2019-04-22,19102,68.4,52.7,,0.0,0.0,0.0,11.1
116,2019-05-17,19102,81.1,58.0,,0.0,0.0,0.0,10.2
117,2017-03-20,19102,,,,,,,
118,2018-09-25,19102,79.9,61.3,,0.618,0.618,0.0,9.4
119,2019-01-04,19102,44.5,27.1,,0.0,0.0,0.0,6.4
120,2021-10-13,19102,70.9,62.5,3.4,0.0,0.0,0.0,4.8
121,2021-09-16,19102,82.8,70.1,5.2,0.016,0.016,0.0,12.2
122,2019-02-11,19102,33.4,28.7,,0.516,0.516,0.0,5.5
123,2019-09-10,19102,81.9,63.9,,0.0,0.0,0.0,8.0
124,2019-07-03,19102,87.1,73.1,,0.992,0.992,0.0,6.2
125,2019-07-09,19102,85.9,64.9,,0.0,0.0,0.0,7.5
126,2021-01-11,19102,40.6,23.9,,0.0,0.0,0.0,3.8
127,2019-09-17,19102,77.8,65.3,,0.028,0.028,0.0,7.7
128,2016-08-08,19102,,,,,,,
129,2018-11-14,19102,43.4,35.2,,0.0,0.0,0.0,10.8
130,2022-10-07,19102,78.9,53.6,4.9,0.0,0.0,0.0,9.7
131,2020-07-08,19102,90.2,74.6,,0.0,0.0,0.0,7.2
132,2018-11-15,19102,34.6,28.6,,0.894,0.894,0.0,13.6
133,2019-05-10,19102,77.9,57.2,,0.028,0.028,0.0,10.3
134,2018-11-16,19102,41.9,34.0,,0.618,0.618,0.0,18.5
135,2019-08-21,19102,90.1,73.7,,0.0,0.0,0.0,10.6
136,2016-07-06,19102,,,,,,,
137,2022-07-06,19102,89.8,74.1,7.2,0.0,0.0,0.0,9.2
138,2021-06-17,19102,78.6,55.3,7.4,0.0,0.0,0.0,8.9
139,2022-07-12,19102,90.1,68.9,7.65,0.0,0.0,0.0,12.8
140,2018-07-09,19102,87.7,60.4,,0.0,0.0,0.0,6.1
141,2019-03-19,19102,52.8,30.9,,0.0,0.0,0.0,5.3
142,2019-05-31,19102,81.8,65.7,,0.0,0.0,0.0,7.4
143,2018-10-05,19102,74.6,61.1,,0.0,0.0,0.0,7.7
144,2018-07-30,19102,77.7,65.4,,0.0,0.0,0.0,6.7
145,2021-10-14,19102,77.5,60.9,4.6,0.0,0.0,0.0,7.1
146,2018-06-28,19102,88.6,69.4,,0.0,0.0,0.0,8.2
147,2016-10-27,19102,,,,,,,
148,2018-11-19,19102,50.6,32.7,,0.0,0.0,0.0,3.4
149,2022-02-09,19102,51.9,26.3,3.75,0.0,0.0,0.0,9.4
150,2018-09-04,19102,92.7,73.4,,0.0,0.0,0.0,7.3
151,2018-07-13,19102,89.6,65.1,,0.0,0.0,0.0,8.8
152,2019-03-08,19102,41.6,21.9,,0.0,0.0,0.0,8.1
153,2016-12-05,19102,,,,,,,
154,2018-08-07,19102,92.1,74.4,,0.0,0.0,0.0,8.4
155,2023-07-12,19102,91.8,70.0,7.65,0.0,0.0,0.0,9.6
156,2022-06-01,19102,89.3,66.0,7.6,0.0,0.0,0.0,13.0
157,2022-04-10,19102,50.3,40.6,5.25,0.0,0.0,0.0,16.6
158,2019-03-05,19102,33.0,18.3,,0.0,0.0,0.0,10.4
159,2019-06-27,19102,90.3,71.1,,0.0,0.0,0.0,7.2
160,2022-05-16,19102,76.5,64.3,6.7,0.228,0.228,0.0,12.2
161,2021-01-15,19102,49.8,32.1,,0.0,0.0,0.0,11.9
162,2022-02-03,19102,45.9,37.3,0.5,0.146,0.146,0.0,4.5
163,2016-02-08,19102,,,,,,,
164,2019-05-28,19102,80.6,62.6,,0.11,0.11,0.0,8.3
165,2022-04-12,19102,74.4,49.7,6.55,0.016,0.016,0.0,10.4
166,2020-08-05,19102,84.7,70.1,,0.0,0.0,0.0,5.3
167,2020-06-05,19102,82.3,68.7,,0.555,0.555,0.0,14.3
168,2022-08-16,19102,83.2,63.4,6.7,0.0,0.0,0.0,12.2
169,2022-01-07,19102,36.0,26.8,2.8,0.26,0.26,0.0,17.5
170,2022-09-09,19102,83.0,61.4,6.25,0.0,0.0,0.0,8.7
171,2018-08-17,19102,92.2,73.7,,0.0,0.0,0.0,10.7
172,2018-09-14,19102,73.5,68.0,,0.0,0.0,0.0,8.4
173,2019-09-16,19102,81.4,63.4,,0.0,0.0,0.0,4.5
174,2019-07-08,19102,77.3,69.8,,0.043,0.043,0.0,7.6
175,2018-09-13,19102,76.0,72.1,,0.0,0.0,0.0,7.5
176,2019-12-11,19102,52.3,32.7,,0.354,0.354,0.0,11.2
177,2019-11-20,19102,50.4,40.1,,0.0,0.0,0.0,12.8
178,2021-05-10,19102,62.1,49.7,6.55,0.0,0.0,0.0,10.8
179,2018-07-24,19102,83.6,76.0,,0.055,0.055,0.0,11.4
180,2019-10-15,19102,70.6,46.5,,0.0,0.0,0.0,5.3
181,2019-06-26,19102,89.3,67.4,,0.0,0.0,0.0,6.7
182,2018-12-04,19102,50.2,34.3,,0.0,0.0,0.0,11.2
183,2022-04-22,19102,71.5,47.8,7.0,0.0,0.0,0.0,10.9
184,2019-12-10,19102,56.9,49.0,,0.161,0.161,0.0,12.7
185,2019-03-01,19102,34.1,27.2,,0.114,0.114,0.0,7.0
186,2018-11-17,19102,46.8,35.9,,0.0,0.0,0.0,9.4
187,2018-11-05,19102,55.4,41.8,,0.232,0.232,0.0,9.9
188,2019-07-11,19102,85.4,68.6,,0.059,0.059,0.0,12.0
189,2018-12-14,19102,51.0,34.5,,0.0,0.0,0.0,4.5
190,2019-04-17,19102,60.9,49.6,,0.0,0.0,0.0,9.7
191,2019-05-29,19102,85.0,68.7,,0.043,0.043,0.0,10.1
192,2020-01-06,19102,48.1,31.4,,0.004,0.004,0.0,7.9
193,2018-08-14,19102,79.7,67.9,,0.016,0.016,0.0,7.7
194,2022-04-18,19102,49.9,34.1,4.1,0.059,0.059,0.0,14.1
195,2021-01-14,19102,51.3,27.7,,0.0,0.0,0.0,4.7
196,2022-06-03,19102,78.9,67.9,6.6,0.0,0.0,0.0,9.9
197,2022-04-20,19102,60.2,38.1,6.8,0.0,0.0,0.0,12.4
198,2018-09-05,19102,92.5,74.2,,0.0,0.0,0.0,7.7
199,2018-12-19,19102,42.7,23.2,,0.0,0.0,0.0,5.3
200,2019-03-26,19102,49.0,31.5,,0.031,0.031,0.0,11.6
201,2021-01-08,19102,38.0,26.2,,0.0,0.0,0.0,8.6
202,2022-09-13,19102,83.8,72.3,5.9,0.126,0.126,0.0,13.1
203,2020-09-05,19102,79.0,59.9,,0.0,0.0,0.0,6.8
204,2022-06-06,19102,81.4,54.9,7.55,0.0,0.0,0.0,9.6
205,2024-01-04,19102,43.6,33.9,2.4,0.0,0.0,0.0,14.7
206,2020-12-08,19102,40.0,30.1,,0.0,0.0,0.0,12.2
207,2018-08-27,19102,89.5,70.0,,0.0,0.0,0.0,5.7
208,2016-04-09,19102,,,,,,,
209,2020-10-07,19102,78.2,54.6,,0.055,0.055,0.0,15.4
210,2022-01-06,19102,41.1,34.5,2.25,0.0,0.0,0.0,10.6
211,2016-09-09,19102,,,,,,,
212,2022-08-10,19102,92.2,76.0,6.9,0.0,0.0,0.0,8.9
213,2016-08-19,19102,,,,,,,
214,2019-01-18,19102,36.0,28.3,,0.177,0.177,0.0,4.5
215,2018-07-06,19102,81.5,73.5,,0.0,0.0,0.0,6.0
216,2020-08-06,19102,79.0,68.6,,0.197,0.197,0.0,6.7
217,2019-08-16,19102,83.7,69.7,,0.0,0.0,0.0,5.2
218,2019-01-01,19102,59.3,43.0,,1.169,1.169,0.0,15.0
219,2018-11-20,19102,48.5,39.7,,0.0,0.0,0.0,11.0
220,2016-11-10,19102,,,,,,,
221,2019-07-10,19102,87.6,70.5,,0.0,0.0,0.0,7.8
222,2019-07-02,19102,90.1,66.2,,0.0,0.0,0.0,10.1
223,2019-12-06,19102,49.7,31.3,,0.0,0.0,0.0,10.4
224,2019-06-02,19102,81.8,62.5,,0.031,0.031,0.0,9.3
225,2018-09-11,19102,74.1,63.5,,0.0,0.0,0.0,6.8
226,2018-12-26,19102,44.4,29.9,,0.0,0.0,0.0,6.5
227,2023-08-07,19102,85.1,70.4,5.15,0.075,0.075,0.0,14.2
228,2016-02-03,19102,,,,,,,
229,2016-03-01,19102,,,,,,,
230,2021-09-17,19102,75.6,71.5,3.55,0.0,0.0,0.0,9.5
231,2018-12-13,19102,47.7,31.5,,0.0,0.0,0.0,6.8
232,2020-03-02,19102,64.4,30.5,,0.0,0.0,0.0,12.2
233,2019-02-09,19102,40.6,26.1,,0.0,0.0,0.0,14.7
234,2022-08-11,19102,90.0,72.8,6.55,0.13,0.13,0.0,7.7
235,2018-12-05,19102,32.8,27.2,,0.031,0.031,0.0,6.3
236,2017-01-20,19102,,,,,,,
237,2019-05-01,19102,68.0,53.2,,0.0,0.0,0.0,8.5
238,2021-05-12,19102,68.0,45.9,7.25,0.0,0.0,0.0,10.1
239,2022-08-17,19102,81.3,65.7,6.8,0.0,0.0,0.0,5.8
240,2018-10-10,19102,83.4,68.5,,0.0,0.0,0.0,5.9
241,2019-10-08,19102,71.5,57.8,,0.028,0.028,0.0,10.9
242,2019-03-12,19102,52.5,35.3,,0.0,0.0,0.0,16.3
243,2021-01-19,19102,44.9,31.2,,0.0,0.0,0.0,14.2
244,2019-12-01,19102,39.0,31.0,,0.685,0.685,0.0,11.4
245,2016-01-13,19102,,,,,,,
246,2016-10-03,19102,,,,,,,
247,2016-08-22,19102,,,,,,,
248,2022-06-07,19102,79.4,60.5,7.1,0.0,0.0,0.0,14.2
249,2019-04-24,19102,76.7,64.0,,0.0,0.0,0.0,11.4
250,2019-12-03,19102,41.4,32.6,,0.087,0.087,0.0,14.6
251,2022-10-06,19102,73.8,50.7,5.0,0.0,0.0,0.0,6.4
252,2019-05-03,19102,76.5,51.1,,0.0,0.0,0.0,9.8
253,2023-05-09,19102,75.0,58.0,5.4,0.0,0.0,0.0,11.5
254,2016-07-05,19102,,,,,,,
255,2018-07-26,19102,84.6,71.5,,0.0,0.0,0.0,6.0
256,2016-10-08,19102,,,,,,,
257,2020-11-12,19102,66.4,47.2,,1.626,1.626,0.0,11.9
258,2022-09-01,19102,87.2,66.5,6.5,0.0,0.0,0.0,10.8
259,2022-04-14,19102,84.6,63.6,6.7,0.0,0.0,0.0,15.9
260,2019-08-12,19102,86.3,61.7,,0.0,0.0,0.0,8.8
261,2019-03-21,19102,50.1,42.3,,0.327,0.327,0.0,12.3
262,2016-12-02,19102,,,,,,,
263,2020-09-08,19102,87.6,61.6,,0.0,0.0,0.0,3.8
264,2019-08-13,19102,80.9,73.3,,0.016,0.016,0.0,6.1
265,2021-01-12,19102,44.2,25.3,,0.0,0.0,0.0,5.1
266,2018-09-01,19102,78.7,68.1,,0.0,0.0,0.0,7.8
267,2019-09-23,19102,90.4,67.6,,0.0,0.0,0.0,10.8
268,2018-09-17,19102,78.6,63.7,,0.055,0.055,0.0,6.8
269,2018-07-31,19102,79.8,65.6,,0.0,0.0,0.0,5.8
270,2022-08-18,19102,86.0,63.8,6.9,0.0,0.0,0.0,9.3
271,2022-07-13,19102,90.5,72.1,7.6,0.0,0.0,0.0,15.4
272,2019-10-02,19102,93.8,68.9,,0.0,0.0,0.0,11.1
273,2019-01-17,19102,34.6,28.0,,0.0,0.0,0.0,6.1
274,2019-07-01,19102,84.3,61.7,,0.0,0.0,0.0,10.0
275,2022-08-19,19102,91.0,67.4,6.9,0.0,0.0,0.0,8.2
276,2018-09-06,19102,94.3,77.6,,0.0,0.0,0.0,8.7
277,2022-04-07,19102,56.1,46.0,0.7,0.201,0.201,0.0,14.7
278,2020-05-04,19102,75.0,60.5,,0.0,0.0,0.0,17.0
279,2017-07-09,19102,,,,,,,
280,2016-03-03,19102,,,,,,,
281,2018-12-03,19102,56.0,49.5,,0.0,0.0,0.0,13.4
282,2019-01-21,19102,21.1,8.8,,0.0,0.0,0.0,18.0
283,2020-01-27,19102,43.8,32.7,,0.0,0.0,0.0,10.2
284,2018-08-05,19102,91.3,71.4,,0.0,0.0,0.0,4.3
285,2021-06-18,19102,85.3,56.7,7.55,0.0,0.0,0.0,11.0
286,2020-03-05,19102,57.2,38.4,,0.0,0.0,0.0,7.8
287,2022-11-08,19102,67.0,46.7,3.45,0.0,0.0,0.0,13.3
288,2022-01-03,19102,50.8,29.9,1.35,0.13,0.13,0.0,14.5
289,2020-04-02,19102,57.5,37.4,,0.0,0.0,0.0,18.9
290,2018-08-13,19102,81.6,72.1,,2.709,2.709,0.0,8.0
291,2020-01-24,19102,55.0,28.3,,0.0,0.0,0.0,9.2
292,2018-09-26,19102,83.0,70.0,,0.0,0.0,0.0,7.6
293,2017-01-29,19102,,,,,,,
294,2018-11-29,19102,43.8,32.7,,0.0,0.0,0.0,11.8
295,2017-04-19,19102,,,,,,,
296,2019-12-16,19102,37.7,33.3,,0.126,0.126,0.0,6.3
297,2022-07-07,19102,83.9,69.2,6.25,0.74,0.74,0.0,8.0
298,2022-09-07,19102,71.5,67.4,4.3,0.0,0.0,0.0,10.7
299,2020-05-05,19102,58.5,45.6,,0.0,0.0,0.0,11.9
300,2016-12-07,19102,,,,,,,
301,2018-07-28,19102,84.6,69.1,,0.0,0.0,0.0,7.1
302,2016-08-09,19102,,,,,,,
303,2019-02-19,19102,37.1,22.9,,0.0,0.0,0.0,8.9
304,2019-03-20,19102,53.4,30.6,,0.0,0.0,0.0,10.7
305,2019-04-16,19102,67.0,40.3,,0.0,0.0,0.0,15.0
306,2016-01-05,19102,,,,,,,
307,2018-10-23,19102,67.9,44.4,,0.0,0.0,0.0,10.5
308,2022-05-20,19102,87.0,59.1,7.3,0.0,0.0,0.0,14.9
309,2019-08-15,19102,82.3,70.7,,2.776,2.776,0.0,6.6
310,2022-10-12,19102,70.9,47.4,4.65,0.0,0.0,0.0,9.7
311,2019-02-04,19102,61.6,26.0,,0.0,0.0,0.0,3.9
312,2016-03-14,19102,,,,,,,
313,2019-04-15,19102,69.5,51.2,,0.157,0.157,0.0,22.2
314,2018-12-11,19102,41.8,22.0,,0.0,0.0,0.0,5.4
315,2019-02-12,19102,35.5,29.9,,0.551,0.551,0.0,13.3
316,2019-11-16,19102,43.2,35.8,,0.0,0.0,0.0,15.0
317,2017-03-07,19102,,,,,,,
318,2019-04-09,19102,74.5,54.9,,0.0,0.0,0.0,10.6
319,2022-01-04,19102,35.4,20.1,2.7,0.0,0.0,0.0,13.1
320,2020-01-15,19102,52.4,40.5,,0.0,0.0,0.0,6.7
321,2022-01-05,19102,44.9,27.6,1.7,0.016,0.016,0.0,9.8
322,2022-09-02,19102,83.4,64.5,6.45,0.0,0.0,0.0,8.5
323,2018-07-11,19102,88.4,73.9,,0.0,0.0,0.0,7.1
324,2019-05-23,19102,72.3,59.7,,0.028,0.028,0.0,8.4
325,2019-02-16,19102,55.3,35.2,,0.0,0.0,0.0,9.5
326,2019-02-20,19102,31.3,25.6,,0.331,0.331,0.0,6.0
327,2022-08-21,19102,85.2,69.7,6.5,0.0,0.0,0.0,10.0
328,2016-01-24,19102,,,,,,,
329,2018-08-22,19102,81.8,70.8,,0.228,0.228,0.0,9.5
330,2022-08-09,19102,96.7,80.8,7.2,0.0,0.0,0.0,10.4
331,2019-06-19,19102,79.4,70.2,,0.126,0.126,0.0,8.9
332,2017-01-02,19102,,,,,,,
333,2018-10-24,19102,57.2,42.0,,0.0,0.0,0.0,12.8
334,2022-09-11,19102,78.7,69.0,1.3,0.425,0.425,0.0,9.0
335,2020-01-04,19102,52.6,46.6,,0.209,0.209,0.0,5.6
336,2022-10-10,19102,69.4,43.6,4.65,0.0,0.0,0.0,8.6
337,2020-12-04,19102,48.8,43.8,,0.031,0.031,0.0,6.2
338,2019-10-10,19102,75.0,50.9,,0.016,0.016,0.0,11.5
339,2019-12-12,19102,36.0,23.0,,0.0,0.0,0.0,8.4
340,2019-02-13,19102,40.1,33.9,,0.142,0.142,0.0,16.2
341,2017-03-06,19102,,,,,,,
342,2022-01-12,19102,42.5,18.2,2.55,0.0,0.0,0.0,12.9
343,2018-09-21,19102,74.6,65.5,,0.0,0.0,0.0,8.3
344,2016-06-03,19102,,,,,,,
345,2016-07-12,19102,,,,,,,
346,2018-08-10,19102,88.9,71.6,,0.0,0.0,0.0,5.8
347,2018-08-31,19102,82.1,71.2,,0.0,0.0,0.0,10.9
348,2018-01-27,19102,58.6,28.4,,0.0,0.0,0.0,13.3
349,2016-04-06,19102,,,,,,,
350,2017-02-24,19102,,,,,,,
351,2017-03-17,19102,,,,,,,
352,2022-05-03,19102,72.4,54.4,6.45,0.0,0.0,0.0,11.6
353,2018-12-06,19102,38.3,23.7,,0.0,0.0,0.0,11.3
354,2019-01-22,19102,31.0,13.0,,0.0,0.0,0.0,12.5
355,2018-07-10,19102,92.9,66.1,,0.0,0.0,0.0,8.5
356,2020-01-28,19102,41.4,36.5,,0.0,0.0,0.0,11.2
357,2016-12-08,19102,,,,,,,
358,2018-07-17,19102,89.8,74.1,,0.339,0.339,0.0,13.3
359,2019-05-08,19102,71.6,58.9,,1.516,1.516,0.0,8.2
360,2022-06-04,19102,85.0,58.9,7.55,0.0,0.0,0.0,10.8
361,2018-11-01,19102,73.0,50.8,,0.0,0.0,0.0,10.5
362,2022-05-17,19102,81.0,54.4,7.35,0.0,0.0,0.0,18.2
363,2022-12-06,19102,55.0,31.9,0.2,0.512,0.512,0.0,10.9
364,2019-07-12,19102,85.2,71.3,,3.063,3.063,0.0,8.8
365,2022-04-05,19102,56.7,41.1,2.95,0.0,0.0,0.0,9.7
366,2018-10-25,19102,53.7,36.8,,0.0,0.0,0.0,8.2
367,2018-09-12,19102,80.5,71.2,,0.157,0.157,0.0,5.2
368,2022-06-02,19102,86.5,63.5,7.6,0.071,0.071,0.0,10.3
369,2019-04-01,19102,46.3,31.0,,0.0,0.0,0.0,13.7
370,2019-01-09,19102,45.1,38.1,,0.622,0.622,0.0,16.2
371,2019-10-04,19102,68.9,55.8,,0.031,0.031,0.0,14.8
372,2022-10-04,19102,51.1,46.0,0.85,0.646,0.646,0.0,11.4
373,2020-01-25,19102,51.3,40.7,,0.953,0.953,0.0,15.3
374,2018-11-08,19102,56.6,44.0,,0.0,0.0,0.0,6.0
375,2019-04-05,19102,57.5,40.9,,0.016,0.016,0.0,10.5
376,2020-09-10,19102,82.0,72.2,,1.398,1.398,0.0,6.1
377,2017-01-03,19102,,,,,,,
378,2022-09-12,19102,83.1,71.5,4.8,0.244,0.244,0.0,4.3
379,2018-08-28,19102,94.8,74.3,,0.0,0.0,0.0,9.5
380,2018-12-18,19102,41.0,33.0,,0.0,0.0,0.0,11.9
381,2019-04-08,19102,80.5,53.5,,0.028,0.028,0.0,12.7
382,2020-10-08,19102,70.4,52.7,,0.0,0.0,0.0,12.4
383,2016-06-07,19102,,,,,,,
384,2019-05-21,19102,81.0,58.2,,0.0,0.0,0.0,12.7
385,2020-05-01,19102,67.6,57.1,,0.13,0.13,0.0,12.0
386,2020-01-07,19102,44.2,30.6,,0.016,0.016,0.0,6.1
387,2022-07-08,19102,86.2,66.6,6.65,0.0,0.0,0.0,8.3
388,2019-08-07,19102,88.9,69.0,,1.598,1.598,0.0,11.9
389,2018-12-28,19102,57.8,37.3,,2.181,2.181,0.0,7.1
390,2016-10-01,19102,,,,,,,
391,2022-08-06,19102,89.0,74.5,7.15,0.0,0.0,0.0,16.1
392,2022-02-02,19102,43.1,24.2,2.9,0.0,0.0,0.0,4.8
393,2018-07-23,19102,84.0,75.2,,0.0,0.0,0.0,12.0
394,2019-03-28,19102,58.5,29.7,,0.0,0.0,0.0,9.2
395,2019-04-30,19102,74.7,48.9,,0.0,0.0,0.0,8.0
396,2019-02-22,19102,45.5,39.0,,0.0,0.0,0.0,6.5
397,2019-04-26,19102,68.2,53.1,,0.343,0.343,0.0,9.7
398,2022-05-04,19102,65.6,49.9,7.1,0.059,0.059,0.0,11.0
399,2022-05-02,19102,71.8,51.8,6.8,0.0,0.0,0.0,8.8
400,2016-09-21,19102,,,,,,,
401,2018-10-07,19102,78.0,67.3,,0.0,0.0,0.0,5.5
402,2022-04-19,19102,48.9,38.8,6.4,1.575,1.575,0.0,17.6
403,2019-06-29,19102,91.3,71.3,,0.268,0.268,0.0,11.0
404,2021-09-20,19102,77.4,56.7,5.75,0.0,0.0,0.0,10.7
405,2019-04-29,19102,62.7,40.0,,0.0,0.0,0.0,8.1
406,2022-05-19,19102,76.0,56.2,6.4,0.299,0.299,0.0,8.0
407,2022-11-10,19102,69.5,41.3,3.45,0.0,0.0,0.0,6.1
408,2018-08-19,19102,76.1,68.3,,0.087,0.087,0.0,8.5
409,2019-04-18,19102,79.6,49.4,,0.0,0.0,0.0,11.0
410,2018-07-21,19102,75.4,63.4,,0.13,0.13,0.0,13.5
411,2019-01-20,19102,45.9,24.5,,1.61,1.61,0.0,16.2
412,2019-04-10,19102,65.9,46.6,,0.0,0.0,0.0,11.0
413,2017-01-24,19102,,,,,,,
414,2016-04-07,19102,,,,,,,
415,2019-10-11,19102,66.6,50.4,,0.0,0.0,0.0,12.1
416,2018-08-02,19102,86.9,73.7,,0.0,0.0,0.0,8.9
417,2024-01-10,19102,58.7,44.7,2.5,2.591,2.591,0.0,21.9
418,2021-05-17,19102,77.7,49.1,6.55,0.0,0.0,0.0,6.3
419,2019-07-05,19102,87.0,72.5,,0.016,0.016,0.0,8.9
420,2017-05-24,19102,,,,,,,
421,2016-07-20,19102,,,,,,,
422,2016-11-03,19102,,,,,,,
423,2019-06-21,19102,77.6,70.3,,0.0,0.0,0.0,12.7
424,2019-08-18,19102,87.0,73.7,,0.0,0.0,0.0,4.8
425,2020-04-05,19102,66.9,43.3,,0.0,0.0,0.0,7.3
426,2018-09-08,19102,72.9,63.7,,0.823,0.823,0.0,9.5
427,2017-05-22,19102,,,,,,,
428,2017-07-17,19102,,,,,,,
429,2020-07-07,19102,89.5,65.6,,0.0,0.0,0.0,9.0
430,2022-08-22,19102,87.3,72.4,6.7,0.063,0.063,0.0,7.8
431,2019-12-13,19102,44.5,25.6,,0.091,0.091,0.0,4.9
432,2019-03-29,19102,62.6,45.6,,0.0,0.0,0.0,4.6
433,2019-12-04,19102,42.2,32.6,,0.059,0.059,0.0,6.3
434,2016-01-12,19102,,,,,,,
435,2020-01-17,19102,41.7,27.0,,0.0,0.0,0.0,16.0
436,2018-07-27,19102,85.0,71.4,,0.0,0.0,0.0,5.9
437,2018-09-28,19102,66.7,61.0,,0.811,0.811,0.0,8.4
438,2018-12-31,19102,44.7,28.0,,0.059,0.059,0.0,6.5
439,2020-06-08,19102,79.5,54.7,,0.0,0.0,0.0,7.7
440,2022-12-01,19102,51.6,34.3,2.7,0.0,0.0,0.0,16.6
441,2020-04-01,19102,55.0,39.3,,0.0,0.0,0.0,11.0
442,2022-06-10,19102,80.1,59.6,7.6,0.0,0.0,0.0,10.2
443,2020-06-09,19102,87.9,59.0,,0.0,0.0,0.0,9.9
444,2018-10-04,19102,83.5,58.4,,0.0,0.0,0.0,5.3
445,2018-10-08,19102,71.6,66.1,,0.0,0.0,0.0,7.0
446,2016-04-08,19102,,,,,,,
447,2018-08-01,19102,85.8,72.8,,0.244,0.244,0.0,10.9
448,2022-04-11,19102,63.4,38.2,6.25,0.0,0.0,0.0,10.6
449,2022-10-13,19102,71.9,60.1,1.55,0.0,0.0,0.0,11.7
450,2022-07-05,19102,86.4,68.6,7.0,0.016,0.016,0.0,14.5
451,2020-02-10,19102,45.8,37.3,,0.043,0.043,0.0,11.9
452,2018-07-22,19102,83.2,65.2,,1.508,1.508,0.0,14.7
453,2022-08-03,19102,91.6,72.4,7.3,0.0,0.0,0.0,9.2
454,2019-06-05,19102,83.4,63.6,,0.0,0.0,0.0,9.3
455,2019-01-28,19102,40.3,26.5,,0.0,0.0,0.0,7.8
456,2019-05-16,19102,75.8,55.8,,0.0,0.0,0.0,9.8
457,2019-05-07,19102,76.5,52.2,,0.0,0.0,0.0,7.3
458,2019-11-25,19102,53.7,31.9,,0.0,0.0,0.0,8.0
459,2018-07-16,19102,92.2,71.7,,0.0,0.0,0.0,7.2
460,2018-08-23,19102,79.7,64.8,,0.0,0.0,0.0,9.7
461,2019-02-26,19102,41.9,29.7,,0.0,0.0,0.0,14.1
462,2016-11-08,19102,,,,,,,
463,2022-12-14,19102,40.8,29.5,2.5,0.0,0.0,0.0,8.1
464,2022-02-05,19102,32.4,23.8,3.5,0.0,0.0,0.0,14.7
465,2016-11-13,19102,,,,,,,
466,2019-09-15,19102,83.5,69.3,,0.441,0.441,0.0,5.8
467,2019-01-24,19102,60.3,39.9,,0.528,0.528,0.0,14.8
468,2022-04-21,19102,64.1,41.8,6.25,0.0,0.0,0.0,13.2
469,2019-09-12,19102,86.1,71.4,,0.016,0.016,0.0,10.2
470,2016-06-21,19102,,,,,,,
471,2019-07-15,19102,86.0,65.5,,0.0,0.0,0.0,5.8
472,2019-06-04,19102,73.7,51.2,,0.0,0.0,0.0,8.9
473,2022-05-09,19102,73.0,45.1,7.2,0.0,0.0,0.0,15.7
474,2017-07-27,19102,,,,,,,
475,2016-09-05,19102,,,,,,,
476,2016-11-16,19102,,,,,,,
477,2017-03-26,19102,,,,,,,
478,2018-09-19,19102,82.3,65.9,,0.0,0.0,0.0,7.5
479,2016-06-24,19102,,,,,,,
480,2016-08-02,19102,,,,,,,
481,2020-03-03,19102,59.5,43.0,,0.126,0.126,0.0,11.4
482,2022-10-14,19102,69.4,53.0,4.6,0.528,0.528,0.0,11.5
483,2018-08-30,19102,89.5,77.3,,0.0,0.0,0.0,8.9
484,2022-12-09,19102,46.5,34.9,2.6,0.0,0.0,0.0,9.7
485,2022-10-11,19102,73.8,47.9,4.6,0.0,0.0,0.0,5.0
486,2016-05-05,19102,,,,,,,
487,2019-05-14,19102,56.4,46.4,,0.0,0.0,0.0,9.2
488,2019-05-05,19102,69.3,53.7,,1.315,1.315,0.0,9.7
489,2018-11-28,19102,38.5,34.0,,0.0,0.0,0.0,17.3
490,2019-11-17,19102,42.7,30.6,,0.0,0.0,0.0,12.2
491,2019-09-11,19102,88.6,67.0,,0.0,0.0,0.0,7.8
492,2018-12-27,19102,45.7,27.3,,0.0,0.0,0.0,6.0
493,2022-12-20,19102,40.1,27.4,2.4,0.0,0.0,0.0,10.3
494,2017-02-14,19102,,,,,,,
495,2016-09-10,19102,,,,,,,
496,2019-11-27,19102,57.7,38.1,,0.0,0.0,0.0,14.3
497,2018-10-27,19102,49.6,46.3,,0.945,0.945,0.0,15.6
498,2019-04-23,19102,79.6,52.1,,0.0,0.0,0.0,7.9
499,2019-01-05,19102,45.7,41.4,,0.622,0.622,0.0,9.7
500,2024-01-16,19102,29.5,25.1,0.55,0.622,0.622,0.0,10.5
501,2022-11-14,19102,46.9,36.1,3.3,0.0,0.0,0.0,11.6
502,2021-01-20,19102,40.0,32.4,,0.0,0.0,0.0,16.8
503,2016-12-14,19102,,,,,,,
504,2019-06-25,19102,88.3,72.4,,0.016,0.016,0.0,9.7
505,2018-08-15,19102,86.3,70.1,,0.0,0.0,0.0,7.8
506,2016-11-30,19102,,,,,,,
507,2019-03-31,19102,66.9,48.4,,0.197,0.197,0.0,14.1
508,2016-04-26,19102,,,,,,,
509,2019-11-13,19102,35.5,20.6,,0.0,0.0,0.0,11.8
510,2018-09-24,19102,67.1,60.5,,0.031,0.031,0.0,12.3
511,2022-07-09,19102,84.1,70.7,4.5,0.441,0.441,0.0,9.5
512,2017-06-26,19102,,,,,,,
513,2020-06-07,19102,84.6,61.1,,0.0,0.0,0.0,12.1
514,2019-09-13,19102,71.2,61.3,,0.043,0.043,0.0,11.3
515,2018-08-06,19102,90.3,73.2,,0.0,0.0,0.0,5.7
516,2016-10-04,19102,,,,,,,
517,2022-12-05,19102,48.6,24.4,2.5,0.0,0.0,0.0,6.7
518,2018-10-02,19102,81.4,63.9,,0.0,0.0,0.0,9.9
519,2019-12-17,19102,37.0,32.6,,1.374,1.374,0.0,7.1
520,2020-10-06,19102,70.0,46.8,,0.0,0.0,0.0,9.0
521,2022-02-04,19102,54.4,33.0,0.55,0.504,0.504,0.0,11.7
522,2024-07-15,19102,97.7,75.3,7.6,0.0,0.0,0.0,11.0
523,2016-07-08,19102,,,,,,,
524,2024-02-07,19102,49.2,29.2,3.5,0.0,0.0,0.0,5.7
525,2019-09-20,19102,77.1,49.2,,0.0,0.0,0.0,6.6
526,2019-10-07,19102,80.5,66.7,,0.0,0.0,0.0,11.6
527,2019-03-11,19102,56.4,39.1,,0.0,0.0,0.0,14.7
528,2016-08-04,19102,,,,,,,
529,2018-10-03,19102,78.1,64.8,,0.0,0.0,0.0,6.3
530,2018-10-26,19102,48.8,36.4,,0.0,0.0,0.0,5.2
531,2018-06-30,19102,95.7,70.0,,0.0,0.0,0.0,5.3
532,2016-01-07,19102,,,,,,,
533,2018-11-23,19102,32.6,13.0,,0.0,0.0,0.0,5.2
534,2018-11-21,19102,46.8,31.0,,0.0,0.0,0.0,12.3
535,2016-03-04,19102,,,,,,,
536,2019-06-15,19102,82.0,52.6,,0.0,0.0,0.0,12.4
537,2019-08-08,19102,84.0,68.8,,0.071,0.071,0.0,8.1
538,2022-08-12,19102,86.7,72.1,6.95,0.0,0.0,0.0,13.6
539,2023-04-17,19102,70.1,57.5,6.85,0.0,0.0,0.0,14.7
540,2018-10-13,19102,55.0,48.4,,0.043,0.043,0.0,9.3
541,2019-05-09,19102,61.7,55.3,,0.0,0.0,0.0,10.1
542,2022-05-21,19102,95.2,65.7,7.5,0.0,0.0,0.0,9.1
543,2018-11-30,19102,42.7,32.1,,0.0,0.0,0.0,4.5
544,2017-07-08,19102,,,,,,,
545,2016-06-02,19102,,,,,,,
546,2016-08-01,19102,,,,,,,
547,2022-04-09,19102,59.2,45.1,4.4,0.087,0.087,0.0,11.3
548,2019-02-17,19102,37.2,26.2,,0.0,0.0,0.0,7.3
549,2020-05-07,19102,66.3,43.6,,0.016,0.016,0.0,11.4
550,2017-06-05,19102,,,,,,,
551,2016-10-05,19102,,,,,,,
552,2019-06-07,19102,80.7,67.0,,0.0,0.0,0.0,5.5
553,2018-08-12,19102,83.6,69.8,,0.0,0.0,0.0,4.4
554,2019-11-22,19102,52.3,44.5,,0.059,0.059,0.0,9.5
555,2016-08-27,19102,,,,,,,
556,2021-01-09,19102,43.3,24.8,,0.0,0.0,0.0,13.1
557,2017-01-16,19102,,,,,,,
558,2022-05-05,19102,74.2,58.0,6.55,0.0,0.0,0.0,7.7
559,2019-03-15,19102,74.8,56.7,,0.0,0.0,0.0,13.8
560,2019-11-18,19102,42.7,36.8,,0.016,0.016,0.0,10.0
561,2020-12-06,19102,41.0,35.0,,0.0,0.0,0.0,14.5
562,2019-06-20,19102,84.0,68.7,,2.85,2.85,0.0,7.5
563,2021-01-13,19102,47.9,27.4,,0.0,0.0,0.0,10.2
564,2023-01-04,19102,64.7,52.8,1.95,0.0,0.0,0.0,5.6
565,2020-01-26,19102,45.9,33.6,,0.0,0.0,0.0,10.8
566,2022-09-04,19102,88.8,69.6,6.35,0.0,0.0,0.0,8.3
567,2022-06-09,19102,81.8,69.3,7.6,2.594,2.594,0.0,15.9
568,2020-01-10,19102,56.2,26.5,,0.0,0.0,0.0,10.6
569,2022-08-24,19102,90.4,71.2,6.75,0.0,0.0,0.0,9.4
570,2023-05-31,19102,78.7,49.9,7.5,0.0,0.0,0.0,8.0
571,2016-08-05,19102,,,,,,,
572,2018-10-22,19102,54.4,34.9,,0.0,0.0,0.0,8.4
573,2019-02-15,19102,62.9,36.4,,0.0,0.0,0.0,12.6
574,2022-05-18,19102,75.8,52.5,7.15,0.0,0.0,0.0,10.9
575,2017-05-10,19102,,,,,,,
576,2016-05-03,19102,,,,,,,
577,2022-09-06,19102,82.2,69.2,2.5,6.362,6.362,0.0,8.2
578,2019-06-13,19102,69.6,58.0,,0.185,0.185,0.0,11.5
579,2021-07-19,19102,87.7,69.7,7.0,0.0,0.0,0.0,8.2
580,2020-07-02,19102,92.2,66.6,,0.0,0.0,0.0,9.0
581,2016-09-14,19102,,,,,,,
582,2018-10-18,19102,53.9,39.3,,0.0,0.0,0.0,9.9
583,2021-04-08,19102,72.4,44.7,6.35,0.0,0.0,0.0,8.6
584,2019-04-07,19102,71.0,43.2,,0.0,0.0,0.0,9.9
585,2019-10-06,19102,70.9,51.7,,0.0,0.0,0.0,9.1
586,2020-11-13,19102,52.4,46.3,,0.154,0.154,0.0,8.1
587,2018-09-02,19102,86.1,67.5,,0.0,0.0,0.0,6.4
588,2016-04-02,19102,,,,,,,
589,2019-05-15,19102,71.9,42.1,,0.0,0.0,0.0,10.4
590,2019-03-25,19102,58.8,42.7,,0.146,0.146,0.0,8.5
591,2021-08-18,19102,88.2,74.8,6.15,0.028,0.028,0.0,12.2
592,2018-07-07,19102,78.1,60.1,,0.0,0.0,0.0,8.5
593,2020-01-14,19102,44.8,35.0,,0.087,0.087,0.0,4.2
594,2019-06-11,19102,79.9,65.0,,0.016,0.016,0.0,14.1
595,2018-10-12,19102,73.2,53.6,,6.114,6.114,0.0,13.9
596,2018-08-04,19102,86.7,72.3,,0.016,0.016,0.0,8.4
597,2016-03-02,19102,,,,,,,
598,2017-07-06,19102,,,,,,,
599,2021-01-07,19102,44.4,31.7,,0.0,0.0,0.0,11.2
600,2018-07-08,19102,81.5,57.8,,0.0,0.0,0.0,7.2
601,2020-03-06,19102,46.5,33.2,,0.24,0.24,0.0,8.9
602,2022-05-07,19102,51.0,46.1,0.5,0.945,0.945,0.0,22.9
603,2019-04-21,19102,67.7,53.3,,0.0,0.0,0.0,5.6
604,2022-05-14,19102,68.8,63.4,5.25,1.476,1.476,0.0,6.2
605,2019-03-04,19102,35.9,32.4,,0.854,0.854,0.0,12.4
606,2019-11-26,19102,62.3,32.1,,0.0,0.0,0.0,5.3
607,2022-02-08,19102,41.7,33.2,3.65,0.063,0.063,0.0,14.0
608,2018-10-21,19102,52.7,43.9,,0.0,0.0,0.0,14.8
609,2018-11-27,19102,49.0,36.0,,0.0,0.0,0.0,15.9
610,2018-12-12,19102,42.7,30.5,,0.0,0.0,0.0,5.6
611,2020-10-27,19102,61.1,55.6,,0.0,0.0,0.0,5.4
612,2019-04-03,19102,67.9,36.4,,0.0,0.0,0.0,18.7
613,2019-03-03,19102,41.4,32.8,,0.256,0.256,0.0,4.8
614,2020-01-19,19102,41.3,31.5,,0.102,0.102,0.0,14.3
615,2016-05-23,19102,,,,,,,
616,2019-05-18,19102,77.8,60.0,,0.0,0.0,0.0,5.7
617,2020-06-06,19102,89.3,69.0,,0.016,0.016,0.0,12.3
618,2022-11-15,19102,45.0,31.0,2.6,0.016,0.016,0.0,8.7
619,2016-08-07,19102,,,,,,,
620,2018-12-01,19102,45.6,31.0,,0.059,0.059,0.0,6.4
621,2019-05-22,19102,73.7,51.7,,0.0,0.0,0.0,6.0
622,2019-05-30,19102,81.4,65.6,,0.031,0.031,0.0,8.5
623,2019-01-03,19102,44.1,37.3,,0.0,0.0,0.0,10.7
624,2018-09-16,19102,83.3,63.2,,0.0,0.0,0.0,5.2
625,2019-01-15,19102,33.1,18.6,,0.0,0.0,0.0,6.2
626,2016-06-28,19102,,,,,,,
627,2019-12-02,19102,38.7,35.0,,0.169,0.169,0.0,11.9
628,2016-08-24,19102,,,,,,,
629,2016-09-12,19102,,,,,,,
630,2022-12-12,19102,41.3,33.6,2.35,0.0,0.0,0.0,9.1
631,2022-08-15,19102,84.1,66.1,6.8,0.0,0.0,0.0,10.6
632,2016-12-06,19102,,,,,,,
633,2023-05-26,19102,74.8,50.2,7.45,0.0,0.0,0.0,6.7
634,2016-10-11,19102,,,,,,,
635,2019-09-19,19102,72.7,49.5,,0.0,0.0,0.0,6.0
636,2022-02-01,19102,37.9,20.5,3.6,0.0,0.0,0.0,6.7
637,2016-11-07,19102,,,,,,,
638,2018-08-29,19102,95.2,75.9,,0.0,0.0,0.0,8.6
639,2016-01-11,19102,,,,,,,
640,2019-03-07,19102,34.6,18.3,,0.0,0.0,0.0,11.9
641,2019-03-09,19102,50.6,32.8,,0.0,0.0,0.0,4.0
642,2020-12-02,19102,42.8,34.8,,0.0,0.0,0.0,15.2
643,2019-04-04,19102,64.2,43.2,,0.0,0.0,0.0,12.8
644,2018-10-30,19102,60.4,39.1,,0.0,0.0,0.0,11.0
645,2022-05-11,19102,72.7,52.3,5.45,0.0,0.0,0.0,13.8
646,2017-05-06,19102,,,,,,,
647,2024-05-10,19102,65.2,49.0,0.95,0.217,0.217,0.0,13.9
648,2020-03-04,19102,58.9,42.7,,0.185,0.185,0.0,15.5
649,2016-08-06,19102,,,,,,,
650,2022-08-07,19102,92.6,77.7,7.15,0.0,0.0,0.0,14.3
651,2019-06-03,19102,72.5,56.0,,0.0,0.0,0.0,13.0
652,2016-03-07,19102,,,,,,,
653,2018-10-29,19102,56.2,45.3,,0.0,0.0,0.0,10.6
654,2021-07-18,19102,81.3,72.6,7.35,0.0,0.0,0.0,13.0
655,2021-08-19,19102,89.0,76.1,5.35,0.0,0.0,0.0,15.8
656,2019-05-04,19102,72.5,54.1,,0.0,0.0,0.0,5.5
657,2019-06-24,19102,84.1,61.6,,0.0,0.0,0.0,5.6
658,2019-08-17,19102,86.1,73.8,,0.0,0.0,0.0,5.0
659,2019-06-12,19102,76.0,58.6,,0.0,0.0,0.0,11.4
660,2018-08-03,19102,83.5,73.5,,0.098,0.098,0.0,9.8
661,2016-07-03,19102,,,,,,,
662,2018-09-27,19102,77.5,60.7,,0.083,0.083,0.0,8.4
663,2016-05-02,19102,,,,,,,
664,2020-11-11,19102,71.2,59.9,,0.232,0.232,0.0,7.8
665,2019-05-24,19102,82.3,65.7,,0.016,0.016,0.0,13.8
666,2019-08-10,19102,83.7,63.5,,0.0,0.0,0.0,10.3
667,2022-06-30,19102,90.3,67.1,7.6,0.0,0.0,0.0,9.1
668,2018-11-18,19102,46.1,30.9,,0.0,0.0,0.0,4.1
669,2016-09-04,19102,,,,,,,
670,2018-12-16,19102,49.3,38.1,,1.138,1.138,0.0,16.5
671,2017-10-23,19102,,,,,,,
672,2019-10-13,19102,65.8,47.7,,0.0,0.0,0.0,5.3
673,2017-06-17,19102,,,,,,,
674,2020-05-02,19102,73.4,49.6,,0.0,0.0,0.0,10.0
675,2017-01-01,19102,,,,,,,
676,2018-10-15,19102,66.3,50.8,,0.016,0.016,0.0,8.8
677,2017-04-04,19102,,,,,,,
678,2020-01-12,19102,67.9,58.0,,0.354,0.354,0.0,16.6
679,2018-11-03,19102,67.0,50.2,,0.26,0.26,0.0,16.9
680,2019-02-06,19102,54.6,34.8,,0.031,0.031,0.0,7.9
681,2018-08-24,19102,82.3,60.7,,0.0,0.0,0.0,3.2
682,2019-12-09,19102,48.9,33.9,,1.465,1.465,0.0,8.4
683,2016-08-03,19102,,,,,,,
684,2020-01-11,19102,69.3,45.8,,0.0,0.0,0.0,14.6
685,2016-08-25,19102,,,,,,,
686,2024-07-25,19102,82.6,74.2,6.45,0.0,0.0,0.0,10.2
687,2018-10-11,19102,82.3,72.3,,0.016,0.016,0.0,10.1
688,2023-02-06,19102,51.1,31.6,3.3,0.0,0.0,0.0,17.5
689,2016-01-08,19102,,,,,,,
690,2021-10-19,19102,69.8,44.9,4.3,0.0,0.0,0.0,11.0
691,2022-05-06,19102,67.4,50.5,0.85,0.354,0.354,0.0,13.3
692,2022-04-16,19102,75.9,55.4,6.35,0.0,0.0,0.0,13.6
693,2018-12-09,19102,33.7,23.7,,0.0,0.0,0.0,4.0
694,2016-04-12,19102,,,,,,,
695,2020-06-03,19102,85.9,62.5,,0.114,0.114,0.0,12.3
696,2022-12-07,19102,56.1,52.5,0.75,0.272,0.272,0.0,5.5
697,2020-01-16,19102,50.0,39.5,,0.0,0.0,0.0,19.3
698,2016-01-14,19102,,,,,,,
699,2016-03-13,19102,,,,,,,
700,2017-10-11,19102,,,,,,,
701,2019-11-29,19102,42.4,31.7,,0.0,0.0,0.0,14.2
702,2019-12-08,19102,44.3,21.5,,0.0,0.0,0.0,7.7
703,2022-12-13,19102,40.5,24.4,2.5,0.0,0.0,0.0,7.3
704,2017-01-26,19102,,,,,,,
705,2020-01-09,19102,34.1,21.7,,0.0,0.0,0.0,13.1
706,2016-11-04,19102,,,,,,,
707,2024-03-15,19102,75.2,57.5,4.65,0.0,0.0,0.0,15.6
708,2024-07-12,19102,85.3,73.8,5.9,0.098,0.098,0.0,7.4
709,2019-12-05,19102,42.7,34.1,,0.114,0.114,0.0,15.0
710,2022-07-10,19102,82.9,65.2,7.5,0.0,0.0,0.0,10.0
711,2024-07-21,19102,92.3,69.4,7.4,0.0,0.0,0.0,8.8
712,2018-07-12,19102,82.9,68.5,,0.0,0.0,0.0,9.2
713,2018-11-07,19102,62.5,46.5,,0.0,0.0,0.0,8.9
714,2018-08-16,19102,87.4,71.8,,0.0,0.0,0.0,4.3
715,2016-07-01,19102,,,,,,,
716,2019-07-13,19102,86.7,67.1,,0.0,0.0,0.0,7.1
717,2021-12-10,19102,49.0,32.4,2.05,0.0,0.0,0.0,4.7
718,2017-03-19,19102,,,,,,,
719,2019-02-21,19102,50.9,31.8,,0.287,0.287,0.0,10.5
720,2016-12-27,19102,,,,,,,
721,2021-05-11,19102,67.2,46.1,7.25,0.0,0.0,0.0,14.0
722,2018-07-01,19102,96.3,74.3,,0.0,0.0,0.0,6.6
723,2019-11-24,19102,43.6,38.0,,0.63,0.63,0.0,13.2
724,2019-04-25,19102,68.9,53.8,,0.0,0.0,0.0,7.7
725,2019-01-25,19102,39.7,31.3,,0.0,0.0,0.0,13.8
726,2018-10-16,19102,66.1,49.3,,0.055,0.055,0.0,13.5
727,2018-09-30,19102,73.3,52.6,,0.0,0.0,0.0,4.7
728,2017-03-25,19102,,,,,,,
729,2019-01-13,19102,30.9,25.8,,0.291,0.291,0.0,8.3
730,2021-12-07,19102,61.9,34.1,2.55,0.126,0.126,0.0,19.9
731,2017-06-12,19102,,,,,,,
732,2016-09-07,19102,,,,,,,
733,2019-03-13,19102,51.9,28.4,,0.0,0.0,0.0,7.4
734,2017-04-27,19102,,,,,,,
735,2016-02-29,19102,,,,,,,
736,2021-07-16,19102,94.1,77.1,7.55,0.0,0.0,0.0,9.1
737,2016-10-07,19102,,,,,,,
738,2018-12-15,19102,50.5,46.1,,0.142,0.142,0.0,10.3
739,2024-04-15,19102,85.6,60.5,6.55,0.004,0.004,0.0,14.8
740,2017-07-30,19102,,,,,,,
741,2017-05-21,19102,,,,,,,
742,2017-07-11,19102,,,,,,,
743,2016-07-13,19102,,,,,,,
744,2016-02-05,19102,,,,,,,
745,2016-03-08,19102,,,,,,,
746,2024-05-31,19102,77.1,55.8,7.25,0.0,0.0,0.0,9.8
747,2018-08-18,19102,85.9,73.7,,1.815,1.815,0.0,8.5
748,2016-11-14,19102,,,,,,,
749,2019-01-16,19102,38.6,20.7,,0.0,0.0,0.0,7.6
750,2019-04-02,19102,53.0,29.9,,0.0,0.0,0.0,9.8
751,2017-10-02,19102,,,,,,,
752,2016-11-29,19102,,,,,,,
753,2019-04-19,19102,76.9,62.9,,0.0,0.0,0.0,12.8
754,2016-07-28,19102,,,,,,,
755,2022-10-02,19102,59.5,51.4,0.65,1.224,1.224,0.0,15.0
756,2016-04-01,19102,,,,,,,
757,2019-05-26,19102,86.7,62.0,,0.0,0.0,0.0,9.0
758,2018-08-25,19102,78.8,61.4,,0.0,0.0,0.0,4.8
759,2017-05-12,19102,,,,,,,
760,2018-06-07,19102,74.9,59.4,,0.0,0.0,0.0,6.2
761,2020-10-21,19102,74.6,57.1,,0.0,0.0,0.0,4.6
762,2019-03-06,19102,29.6,19.8,,0.0,0.0,0.0,13.0
763,2019-02-24,19102,45.2,36.4,,0.508,0.508,0.0,9.2
764,2017-05-03,19102,,,,,,,
765,2022-07-04,19102,87.4,65.3,7.7,0.0,0.0,0.0,7.8
766,2022-11-04,19102,72.8,48.3,3.7,0.0,0.0,0.0,5.8
767,2019-08-05,19102,88.1,69.8,,0.0,0.0,0.0,5.8
768,2016-12-31,19102,,,,,,,
769,2019-07-14,19102,89.6,70.6,,0.0,0.0,0.0,9.6
770,2018-10-28,19102,53.4,43.8,,0.0,0.0,0.0,7.1
771,2017-08-02,19102,,,,,,,
772,2023-12-22,19102,37.5,29.2,2.4,0.0,0.0,0.0,6.2
773,2017-03-30,19102,,,,,,,
774,2019-06-16,19102,84.0,66.5,,0.0,0.0,0.0,10.6
775,2016-12-25,19102,,,,,,,
776,2019-03-14,19102,68.8,37.8,,0.0,0.0,0.0,11.1
777,2024-03-19,19102,47.2,33.8,5.05,0.0,0.0,0.0,15.2
778,2024-03-01,19102,50.2,26.2,4.7,0.0,0.0,0.0,11.0
779,2019-02-18,19102,43.9,32.8,,0.386,0.386,0.0,17.6
780,2016-11-01,19102,,,,,,,
781,2019-01-14,19102,30.7,20.6,,0.0,0.0,0.0,9.0
782,2017-10-12,19102,,,,,,,
783,2020-12-05,19102,45.4,41.4,,1.035,1.035,0.0,16.7
784,2020-11-03,19102,58.5,37.5,,0.0,0.0,0.0,13.5
785,2016-03-15,19102,,,,,,,
786,2019-11-23,19102,43.6,30.1,,0.0,0.0,0.0,5.9
787,2016-07-11,19102,,,,,,,
788,2016-07-09,19102,,,,,,,
789,2019-02-07,19102,45.9,40.3,,0.945,0.945,0.0,6.3
790,2017-07-13,19102,,,,,,,
791,2021-07-20,19102,89.0,70.7,7.4,0.0,0.0,0.0,7.1
792,2022-09-05,19102,89.1,72.1,5.6,0.0,0.0,0.0,9.1
793,2019-02-05,19102,67.5,29.3,,0.0,0.0,0.0,8.7
794,2017-04-05,19102,,,,,,,
795,2019-01-06,19102,50.8,37.7,,0.0,0.0,0.0,15.1
796,2022-10-09,19102,63.7,40.7,4.75,0.0,0.0,0.0,11.2
797,2023-05-15,19102,76.2,50.3,7.35,0.0,0.0,0.0,10.6
798,2023-06-26,19102,86.0,68.6,7.5,3.827,3.827,0.0,13.5
799,2019-05-20,19102,88.6,70.4,,0.0,0.0,0.0,13.6
800,2019-03-22,19102,49.0,39.6,,1.098,1.098,0.0,17.3
801,2019-10-03,19102,84.8,60.8,,0.307,0.307,0.0,10.5
802,2022-04-06,19102,54.9,46.8,5.25,0.654,0.654,0.0,13.9
803,2018-12-20,19102,42.2,27.6,,0.366,0.366,0.0,6.2
804,2020-07-03,19102,93.9,75.3,,0.0,0.0,0.0,8.0
805,2022-11-03,19102,70.7,43.5,3.7,0.0,0.0,0.0,6.4
806,2016-02-02,19102,,,,,,,
807,2022-05-10,19102,74.2,53.0,7.25,0.0,0.0,0.0,15.9
808,2018-12-24,19102,43.6,37.1,,0.031,0.031,0.0,12.1
809,2019-12-07,19102,46.3,30.4,,0.0,0.0,0.0,7.4
810,2023-03-22,19102,65.0,38.5,5.25,0.0,0.0,0.0,10.5
811,2019-02-02,19102,30.0,8.1,,0.0,0.0,0.0,8.6
812,2016-10-12,19102,,,,,,,
813,2016-05-22,19102,,,,,,,
814,2020-10-26,19102,62.1,46.2,,0.11,0.11,0.0,7.4
815,2016-01-06,19102,,,,,,,
816,2020-01-21,19102,35.1,19.8,,0.0,0.0,0.0,9.4
817,2019-05-11,19102,69.3,60.4,,0.0,0.0,0.0,7.6
818,2022-11-21,19102,43.2,23.6,2.95,0.0,0.0,0.0,9.6
819,2016-09-11,19102,,,,,,,
820,2017-07-28,19102,,,,,,,
821,2018-11-26,19102,52.7,38.8,,0.606,0.606,0.0,10.7
822,2016-02-01,19102,,,,,,,
823,2017-06-28,19102,,,,,,,
824,2016-09-13,19102,,,,,,,
825,2016-11-20,19102,,,,,,,
826,2019-06-01,19102,81.3,62.3,,0.0,0.0,0.0,5.3
827,2024-03-13,19102,72.9,42.9,4.4,0.0,0.0,0.0,9.8
828,2016-02-11,19102,,,,,,,
829,2022-08-20,19102,92.1,71.7,6.9,0.0,0.0,0.0,12.5
830,2016-08-10,19102,,,,,,,
831,2018-12-02,19102,55.0,41.2,,0.374,0.374,0.0,6.5
832,2016-03-11,19102,,,,,,,
833,2016-12-11,19102,,,,,,,
834,2020-01-23,19102,44.2,21.5,,0.0,0.0,0.0,3.3
835,2017-10-05,19102,,,,,,,
836,2016-10-25,19102,,,,,,,
837,2022-02-06,19102,36.5,16.6,3.4,0.0,0.0,0.0,8.5
838,2020-02-14,19102,44.1,27.4,,0.0,0.0,0.0,13.8
839,2017-01-23,19102,,,,,,,
840,2017-01-13,19102,,,,,,,
841,2016-04-11,19102,,,,,,,
842,2024-01-11,19102,48.3,39.9,2.55,0.0,0.0,0.0,14.2
843,2018-08-11,19102,80.7,71.2,,1.248,1.248,0.0,8.2
844,2017-05-30,19102,,,,,,,
845,2023-10-06,19102,77.8,66.8,4.15,0.0,0.0,0.0,8.0
846,2022-12-17,19102,42.9,35.5,2.5,0.0,0.0,0.0,12.5
847,2017-07-21,19102,,,,,,,
848,2018-11-09,19102,49.9,37.2,,0.835,0.835,0.0,8.9
849,2019-04-11,19102,56.4,41.0,,0.0,0.0,0.0,9.3
850,2022-06-20,19102,80.5,54.4,7.55,0.0,0.0,0.0,12.5
851,2019-02-23,19102,40.6,31.6,,0.0,0.0,0.0,6.8
852,2016-06-19,19102,,,,,,,
853,2021-03-11,19102,75.1,39.5,,0.0,0.0,0.0,9.1
854,2022-12-08,19102,54.2,46.8,2.2,0.0,0.0,0.0,9.4
855,2018-12-30,19102,43.0,31.7,,0.0,0.0,0.0,5.5
856,2019-05-13,19102,49.7,44.6,,0.496,0.496,0.0,11.6
857,2019-02-03,19102,49.9,18.7,,0.0,0.0,0.0,4.3
858,2022-05-15,19102,76.5,63.5,7.25,0.0,0.0,0.0,7.9
859,2017-05-07,19102,,,,,,,
860,2019-01-31,19102,17.2,4.2,,0.0,0.0,0.0,12.7
861,2022-11-16,19102,50.1,38.6,2.85,0.921,0.921,0.0,13.6
862,2016-07-18,19102,,,,,,,
863,2017-02-18,19102,,,,,,,
864,2022-11-29,19102,48.0,35.0,2.6,0.0,0.0,0.0,6.7
865,2016-02-07,19102,,,,,,,
866,2022-07-29,19102,88.1,72.6,2.9,0.0,0.0,0.0,14.2
867,2021-11-04,19102,51.9,33.7,3.25,0.0,0.0,0.0,6.3
868,2024-04-22,19102,63.2,38.7,6.6,0.0,0.0,0.0,9.5
869,2024-05-09,19102,82.6,62.4,6.25,0.016,0.016,0.0,9.4
870,2017-03-18,19102,,,,,,,
871,2020-09-09,19102,78.8,68.2,,0.157,0.157,0.0,6.9
872,2021-01-16,19102,49.1,41.2,,0.39,0.39,0.0,10.7
873,2017-05-08,19102,,,,,,,
874,2016-07-04,19102,,,,,,,
875,2018-11-06,19102,57.9,50.7,,0.189,0.189,0.0,8.9
876,2020-07-05,19102,93.5,72.5,,0.0,0.0,0.0,6.4
877,2016-10-15,19102,,,,,,,
878,2020-09-07,19102,82.9,59.8,,0.0,0.0,0.0,7.4
879,2021-12-09,19102,40.3,28.9,2.3,0.0,0.0,0.0,12.1
880,2018-05-30,19102,77.6,66.1,,0.0,0.0,0.0,5.8
881,2023-08-16,19102,87.0,72.4,7.0,0.087,0.087,0.0,8.3
882,2020-10-09,19102,72.2,44.4,,0.0,0.0,0.0,10.6
883,2019-05-25,19102,77.5,56.2,,0.0,0.0,0.0,9.9
884,2017-01-22,19102,,,,,,,
885,2016-11-15,19102,,,,,,,
886,2017-02-19,19102,,,,,,,
887,2023-12-04,19102,51.5,40.5,2.5,0.0,0.0,0.0,11.7
888,2017-05-19,19102,,,,,,,
889,2023-07-24,19102,86.4,69.3,7.35,0.0,0.0,0.0,9.4
890,2017-07-19,19102,,,,,,,
891,2020-01-30,19102,37.0,27.4,,0.0,0.0,0.0,6.6
892,2017-04-11,19102,,,,,,,
893,2019-06-22,19102,81.0,61.8,,0.0,0.0,0.0,11.1
894,2023-06-05,19102,77.3,51.4,7.45,0.0,0.0,0.0,8.9
895,2019-09-21,19102,83.7,53.7,,0.0,0.0,0.0,3.3
896,2017-03-16,19102,,,,,,,
897,2016-05-16,19102,,,,,,,
898,2020-10-11,19102,67.9,60.3,,0.031,0.031,0.0,9.3
899,2017-11-10,19102,,,,,,,
900,2019-02-01,19102,17.1,7.3,,0.087,0.087,0.0,3.6
901,2024-06-18,19102,91.8,70.9,7.7,0.0,0.0,0.0,10.7
902,2020-05-03,19102,80.4,54.4,,0.114,0.114,0.0,10.8
903,2016-10-22,19102,,,,,,,
904,2017-01-15,19102,,,,,,,
905,2017-01-04,19102,,,,,,,
906,2024-01-18,19102,31.7,20.7,2.2,0.0,0.0,0.0,10.8
907,2019-04-20,19102,72.3,64.2,,0.61,0.61,0.0,13.2
908,2022-08-14,19102,85.3,65.4,7.0,0.0,0.0,0.0,8.4
909,2017-07-25,19102,,,,,,,
910,2021-01-17,19102,45.7,32.9,,0.0,0.0,0.0,14.7
911,2016-05-07,19102,,,,,,,
912,2019-04-14,19102,72.9,57.9,,0.0,0.0,0.0,6.6
913,2024-03-08,19102,55.9,39.9,5.05,0.0,0.0,0.0,10.0
914,2022-12-19,19102,35.7,27.3,2.4,0.0,0.0,0.0,12.6
915,2017-03-31,19102,,,,,,,
916,2021-03-12,19102,71.2,55.3,,0.0,0.0,0.0,15.7
917,2016-01-22,19102,,,,,,,
918,2019-04-06,19102,66.7,40.5,,0.028,0.028,0.0,5.7
919,2023-03-27,19102,66.1,39.4,5.9,0.071,0.071,0.0,11.9
920,2017-06-14,19102,,,,,,,
921,2016-06-08,19102,,,,,,,
922,2016-08-17,19102,,,,,,,
923,2024-05-15,19102,64.4,59.3,3.4,0.232,0.232,0.0,13.0
924,2016-03-22,19102,,,,,,,
925,2016-10-18,19102,,,,,,,
926,2019-07-06,19102,86.0,74.7,,0.0,0.0,0.0,9.0
927,2017-01-05,19102,,,,,,,
928,2020-04-22,19102,54.5,34.6,,0.0,0.0,0.0,16.1
929,2021-04-09,19102,63.4,48.5,5.5,0.0,0.0,0.0,8.7
930,2018-10-20,19102,62.5,53.1,,0.028,0.028,0.0,8.4
931,2016-05-18,19102,,,,,,,
932,2021-01-18,19102,45.6,35.3,,0.0,0.0,0.0,14.0
933,2016-07-31,19102,,,,,,,
934,2017-04-12,19102,,,,,,,
935,2016-12-10,19102,,,,,,,
936,2017-03-23,19102,,,,,,,
937,2020-12-07,19102,38.0,27.0,,0.0,0.0,0.0,7.9
938,2017-05-23,19102,,,,,,,
939,2023-11-01,19102,49.9,42.2,3.65,0.118,0.118,0.0,14.1
940,2024-04-19,19102,57.8,45.6,5.8,0.0,0.0,0.0,10.5
941,2019-03-17,19102,46.4,30.7,,0.0,0.0,0.0,14.3
942,2019-10-16,19102,65.1,48.3,,0.283,0.283,0.0,10.8
943,2016-05-28,19102,,,,,,,
944,2016-09-18,19102,,,,,,,
945,2024-06-25,19102,89.5,69.4,7.3,0.0,0.0,0.0,13.5
946,2024-03-11,19102,55.4,35.6,5.1,0.0,0.0,0.0,22.4
947,2022-05-22,19102,91.5,73.8,7.55,0.197,0.197,0.0,10.3
948,2016-12-09,19102,,,,,,,
949,2022-03-02,19102,56.1,38.5,4.7,0.0,0.0,0.0,8.6
950,2022-06-29,19102,86.6,63.2,7.6,0.0,0.0,0.0,8.5
951,2023-07-05,19102,92.1,71.7,7.6,0.0,0.0,0.0,8.4
952,2016-05-31,19102,,,,,,,
953,2016-03-10,19102,,,,,,,
954,2024-02-12,19102,50.2,37.3,2.95,0.0,0.0,0.0,6.2
955,2024-04-11,19102,72.8,53.0,4.85,0.071,0.071,0.0,15.4
956,2016-12-24,19102,,,,,,,
957,2021-12-08,19102,41.5,33.3,1.65,0.0,0.0,0.0,6.0
958,2020-07-04,19102,88.3,72.3,,0.016,0.016,0.0,12.2
959,2021-03-05,19102,39.5,23.7,,0.0,0.0,0.0,16.5
960,2018-07-14,19102,88.7,64.4,,0.0,0.0,0.0,9.3
961,2018-07-04,19102,88.7,73.8,,0.622,0.622,0.0,9.5
962,2020-09-29,19102,73.4,64.4,,2.224,2.224,0.0,6.5
963,2019-01-29,19102,40.9,20.4,,0.098,0.098,0.0,9.6
964,2017-03-15,19102,,,,,,,
965,2018-12-22,19102,57.0,41.1,,0.0,0.0,0.0,15.2
966,2019-09-14,19102,77.9,58.9,,0.0,0.0,0.0,7.2
967,2016-06-25,19102,,,,,,,
968,2016-07-30,19102,,,,,,,
969,2017-04-24,19102,,,,,,,
970,2019-10-14,19102,74.2,56.9,,0.0,0.0,0.0,9.2
971,2017-05-15,19102,,,,,,,
972,2020-07-22,19102,91.9,75.5,,0.0,0.0,0.0,11.9
973,2017-07-10,19102,,,,,,,
974,2023-03-20,19102,51.7,28.9,5.65,0.0,0.0,0.0,8.6
975,2018-09-03,19102,90.9,74.9,,0.0,0.0,0.0,4.6
976,2017-03-03,19102,,,,,,,
977,2022-03-07,19102,75.2,56.8,4.5,0.071,0.071,0.0,19.7
978,2017-01-19,19102,,,,,,,
979,2024-04-03,19102,46.0,42.8,0.8,1.37,1.37,0.0,20.9
980,2018-12-25,19102,40.5,28.7,,0.0,0.0,0.0,7.6
981,2016-10-13,19102,,,,,,,
982,2018-07-15,19102,82.6,67.9,,1.587,1.587,0.0,6.8
983,2022-10-08,19102,70.5,49.4,4.8,0.0,0.0,0.0,10.9
984,2016-05-13,19102,,,,,,,
985,2022-11-11,19102,70.2,57.9,0.6,1.831,1.831,0.0,13.8
986,2018-06-21,19102,81.5,69.7,,0.398,0.398,0.0,5.5
987,2019-08-03,19102,85.3,69.9,,0.0,0.0,0.0,3.8
988,2019-03-02,19102,38.2,32.0,,0.571,0.571,0.0,8.8
989,2016-07-25,19102,,,,,,,
990,2022-07-17,19102,86.9,70.7,6.7,0.087,0.087,0.0,8.3
991,2016-11-05,19102,,,,,,,
992,2019-06-30,19102,87.7,70.8,,0.126,0.126,0.0,14.3
993,2017-02-23,19102,,,,,,,
994,2018-02-05,19102,35.7,29.1,,0.512,0.512,0.0,13.5
995,2017-05-09,19102,,,,,,,
996,2024-04-30,19102,84.7,60.6,6.4,0.0,0.0,0.0,7.6
997,2019-09-22,19102,87.9,59.1,,0.0,0.0,0.0,7.1
998,2019-05-19,19102,86.3,59.7,,0.0,0.0,0.0,11.0
999,2019-06-08,19102,80.4,63.4,,0.0,0.0,0.0,11.2
1000,2016-09-03,19102,,,,,,,
1001,2017-02-12,19102,,,,,,,
1002,2016-02-06,19102,,,,,,,
1003,2017-02-13,19102,,,,,,,
1004,2016-07-21,19102,,,,,,,
1005,2018-01-29,19102,46.9,39.1,,0.0,0.0,0.0,10.8
1006,2022-04-28,19102,58.9,38.6,6.85,0.0,0.0,0.0,17.6
1007,2016-09-15,19102,,,,,,,
1008,2016-07-02,19102,,,,,,,
1009,2019-03-10,19102,48.2,35.9,,0.72,0.72,0.0,10.1
1010,2022-04-04,19102,54.8,37.3,5.9,0.0,0.0,0.0,13.2
1011,2016-09-20,19102,,,,,,,
1012,2016-10-31,19102,,,,,,,
1013,2018-09-15,19102,76.5,65.2,,0.0,0.0,0.0,6.0
1014,2017-01-14,19102,,,,,,,
1015,2019-11-12,19102,55.8,31.9,,0.213,0.213,0.0,13.4
1016,2017-06-27,19102,,,,,,,
1017,2019-04-28,19102,67.2,51.6,,0.0,0.0,0.0,13.4
1018,2017-01-06,19102,,,,,,,
1019,2016-05-26,19102,,,,,,,
1020,2017-12-07,19102,,,,,,,
1021,2016-03-24,19102,,,,,,,
1022,2021-07-17,19102,93.7,76.0,7.55,0.114,0.114,0.0,13.8
1023,2016-09-19,19102,,,,,,,
1024,2018-11-25,19102,56.1,41.9,,0.945,0.945,0.0,15.8
1025,2017-06-24,19102,,,,,,,
1026,2017-06-30,19102,,,,,,,
1027,2016-08-23,19102,,,,,,,
1028,2016-09-30,19102,,,,,,,
1029,2022-08-13,19102,83.8,64.2,7.0,0.0,0.0,0.0,11.8
1030,2023-01-19,19102,46.7,39.0,0.8,0.295,0.295,0.0,9.1
1031,2018-12-29,19102,55.6,41.8,,0.016,0.016,0.0,13.2
1032,2017-01-09,19102,,,,,,,
1033,2018-11-04,19102,55.9,37.0,,0.0,0.0,0.0,4.4
1034,2017-03-05,19102,,,,,,,
1035,2024-04-25,19102,66.3,46.1,5.95,0.0,0.0,0.0,11.1
1036,2019-07-04,19102,89.8,72.6,,0.0,0.0,0.0,9.2
1037,2023-02-07,19102,46.6,25.0,2.7,0.0,0.0,0.0,9.4
1038,2023-03-31,19102,63.0,35.5,4.75,0.0,0.0,0.0,9.3
1039,2022-04-15,19102,70.1,48.1,6.6,0.0,0.0,0.0,15.3
1040,2023-06-23,19102,72.0,63.2,6.05,0.453,0.453,0.0,7.8
1041,2019-03-24,19102,62.7,32.4,,0.0,0.0,0.0,10.8
1042,2020-04-16,19102,49.2,40.8,,0.0,0.0,0.0,14.5
1043,2016-08-18,19102,,,,,,,
1044,2017-03-14,19102,,,,,,,
1045,2020-01-18,19102,30.1,20.2,,0.24,0.24,0.0,7.8
1046,2020-01-29,19102,44.3,34.1,,0.0,0.0,0.0,10.5
1047,2019-05-27,19102,80.8,66.0,,0.0,0.0,0.0,7.4
1048,2016-06-20,19102,,,,,,,
1049,2016-07-15,19102,,,,,,,
1050,2016-12-13,19102,,,,,,,
1051,2020-10-05,19102,66.7,49.9,,0.0,0.0,0.0,5.8
1052,2021-06-16,19102,79.6,61.0,7.5,0.0,0.0,0.0,11.2
1053,2017-07-12,19102,,,,,,,
1054,2019-11-30,19102,42.7,31.8,,0.0,0.0,0.0,5.7
1055,2016-06-15,19102,,,,,,,
1056,2016-11-02,19102,,,,,,,
1057,2016-07-14,19102,,,,,,,
1058,2023-06-01,19102,87.1,56.6,7.5,0.0,0.0,0.0,8.4
1059,2017-06-21,19102,,,,,,,
1060,2023-08-23,19102,81.4,63.1,6.25,0.0,0.0,0.0,8.8
1061,2023-02-27,19102,49.0,32.4,4.35,0.016,0.016,0.0,13.2
1062,2019-01-12,19102,32.8,18.7,,0.0,0.0,0.0,3.9
1063,2017-04-09,19102,,,,,,,
1064,2018-09-23,19102,63.4,58.4,,0.15,0.15,0.0,5.6
1065,2019-06-09,19102,80.4,58.5,,0.0,0.0,0.0,13.9
1066,2016-04-27,19102,,,,,,,
1067,2017-01-31,19102,,,,,,,
1068,2017-02-07,19102,,,,,,,
1069,2023-08-21,19102,89.8,69.6,6.25,0.0,0.0,0.0,8.0
1070,2017-07-14,19102,,,,,,,
1071,2020-11-15,19102,62.8,33.7,,0.0,0.0,0.0,14.0
1072,2020-11-10,19102,75.5,48.7,,0.0,0.0,0.0,10.3
1073,2016-07-16,19102,,,,,,,
1074,2016-06-04,19102,,,,,,,
1075,2023-04-29,19102,58.9,48.7,1.5,1.114,1.114,0.0,14.7
1076,2021-01-25,19102,36.8,29.0,,0.0,0.0,0.0,5.2
1077,2016-01-03,19102,,,,,,,
1078,2021-06-07,19102,93.5,71.7,6.75,0.0,0.0,0.0,9.5
1079,2017-02-11,19102,,,,,,,
1080,2022-06-05,19102,80.7,57.5,7.55,0.0,0.0,0.0,8.4
1081,2017-03-13,19102,,,,,,,
1082,2021-02-08,19102,35.3,22.5,,0.0,0.0,0.0,13.4
1083,2022-01-08,19102,33.8,19.8,2.9,0.0,0.0,0.0,13.7
1084,2016-03-28,19102,,,,,,,
1085,2022-10-15,19102,72.7,43.6,4.5,0.0,0.0,0.0,12.9
1086,2016-08-30,19102,,,,,,,
1087,2017-03-28,19102,,,,,,,
1088,2022-06-25,19102,90.4,67.1,7.65,0.0,0.0,0.0,9.0
1089,2019-01-27,19102,48.5,22.1,,0.0,0.0,0.0,11.6
1090,2023-06-13,19102,79.3,59.7,7.55,0.0,0.0,0.0,13.2
1091,2020-08-25,19102,89.2,73.3,,0.0,0.0,0.0,9.9
1092,2021-01-10,19102,45.6,29.6,,0.0,0.0,0.0,13.8
1093,2023-12-05,19102,45.2,35.6,1.9,0.0,0.0,0.0,8.1
1094,2016-05-19,19102,,,,,,,
1095,2019-10-01,19102,84.3,62.5,,0.0,0.0,0.0,7.8
1096,2020-09-06,19102,83.7,58.7,,0.0,0.0,0.0,8.7
1097,2023-03-15,19102,49.7,32.7,5.25,0.0,0.0,0.0,20.0
1098,2017-05-31,19102,,,,,,,
1099,2020-01-20,19102,33.0,22.8,,0.0,0.0,0.0,12.5
1100,2022-11-02,19102,71.0,53.4,3.7,0.0,0.0,0.0,7.1
1101,2020-08-27,19102,91.3,69.2,,0.0,0.0,0.0,14.3
1102,2016-09-27,19102,,,,,,,
1103,2016-04-16,19102,,,,,,,
1104,2017-02-16,19102,,,,,,,
1105,2018-08-26,19102,85.9,63.4,,0.0,0.0,0.0,8.9
1106,2023-09-07,19102,95.2,73.6,6.25,0.0,0.0,0.0,12.3
1107,2018-09-29,19102,74.8,54.3,,0.0,0.0,0.0,5.8
1108,2017-06-29,19102,,,,,,,
1109,2016-10-14,19102,,,,,,,
1110,2024-01-29,19102,40.7,36.5,2.95,0.0,0.0,0.0,13.3
1111,2022-01-19,19102,48.2,24.8,2.9,0.0,0.0,0.0,10.6
1112,2017-02-22,19102,,,,,,,
1113,2016-12-18,19102,,,,,,,
1114,2017-08-01,19102,,,,,,,
1115,2024-04-01,19102,57.7,47.1,0.95,0.35,0.35,0.0,8.6
1116,2022-12-11,19102,40.9,37.0,0.8,0.154,0.154,0.0,8.9
1117,2023-07-11,19102,89.2,66.1,7.55,0.0,0.0,0.0,7.2
1118,2019-04-27,19102,68.6,48.2,,0.016,0.016,0.0,21.2
1119,2020-10-10,19102,73.4,54.1,,0.0,0.0,0.0,8.9
1120,2024-06-13,19102,87.8,62.7,7.6,0.0,0.0,0.0,11.9
1121,2020-01-05,19102,49.8,35.5,,0.059,0.059,0.0,15.4
1122,2016-09-26,19102,,,,,,,
1123,2017-07-29,19102,,,,,,,
1124,2023-06-04,19102,75.1,51.7,7.45,0.0,0.0,0.0,11.7
1125,2021-02-07,19102,38.3,32.4,,0.579,0.579,0.0,9.1
1126,2024-05-05,19102,58.4,49.5,1.6,0.016,0.016,0.0,9.3
1127,2021-03-31,19102,67.5,49.0,3.35,0.409,0.409,0.0,10.7
1128,2024-01-25,19102,53.9,40.9,0.9,0.173,0.173,0.0,6.0
1129,2017-07-07,19102,,,,,,,
1130,2024-01-03,19102,44.4,28.8,2.45,0.0,0.0,0.0,6.8
1131,2022-02-16,19102,50.8,22.9,3.95,0.0,0.0,0.0,10.2
1132,2017-03-02,19102,,,,,,,
1133,2017-08-29,19102,,,,,,,
1134,2024-04-28,19102,81.6,51.5,7.1,0.016,0.016,0.0,9.3
1135,2019-06-23,19102,84.1,58.3,,0.0,0.0,0.0,7.8
1136,2016-05-06,19102,,,,,,,
1137,2024-07-01,19102,82.9,61.5,7.45,0.0,0.0,0.0,13.6
1138,2017-02-03,19102,,,,,,,
1139,2020-11-06,19102,72.6,43.1,,0.0,0.0,0.0,7.3
1140,2016-03-05,19102,,,,,,,
1141,2016-04-13,19102,,,,,,,
1142,2019-08-22,19102,90.8,72.9,,0.0,0.0,0.0,7.9
1143,2021-06-22,19102,77.5,64.3,1.95,0.799,0.799,0.0,11.2
1144,2017-05-01,19102,,,,,,,
1145,2018-09-22,19102,74.7,64.0,,0.0,0.0,0.0,9.6
1146,2017-08-28,19102,,,,,,,
1147,2022-05-25,19102,74.2,53.8,7.5,0.0,0.0,0.0,9.6
1148,2017-01-12,19102,,,,,,,
1149,2017-04-30,19102,,,,,,,
1150,2016-05-08,19102,,,,,,,
1151,2023-03-17,19102,60.7,41.0,4.2,0.0,0.0,0.0,11.6
1152,2021-09-15,19102,89.0,71.1,5.8,0.0,0.0,0.0,13.4
1153,2017-05-29,19102,,,,,,,
1154,2020-06-25,19102,82.2,68.7,,0.0,0.0,0.0,9.2
1155,2017-04-10,19102,,,,,,,
1156,2023-11-10,19102,61.9,44.5,1.35,0.031,0.031,0.0,8.4
1157,2017-01-30,19102,,,,,,,
1158,2022-12-03,19102,57.4,39.1,1.1,0.185,0.185,0.0,15.9
1159,2017-03-29,19102,,,,,,,
1160,2023-05-19,19102,73.1,49.7,6.75,0.0,0.0,0.0,11.9
1161,2017-03-08,19102,,,,,,,
1162,2021-11-09,19102,72.8,42.7,3.5,0.0,0.0,0.0,9.2
1163,2016-03-19,19102,,,,,,,
1164,2017-02-02,19102,,,,,,,
1165,2017-05-17,19102,,,,,,,
1166,2016-07-24,19102,,,,,,,
1167,2017-01-18,19102,,,,,,,
1168,2023-08-24,19102,75.2,68.9,2.45,0.055,0.055,0.0,7.5
1169,2016-02-28,19102,,,,,,,
1170,2016-05-12,19102,,,,,,,
1171,2016-07-23,19102,,,,,,,
1172,2016-04-03,19102,,,,,,,
1173,2019-07-07,19102,83.5,71.1,,0.157,0.157,0.0,7.9
1174,2017-04-06,19102,,,,,,,
1175,2017-02-08,19102,,,,,,,
1176,2016-06-22,19102,,,,,,,
1177,2024-02-28,19102,61.6,54.4,0.85,0.13,0.13,0.0,15.2
1178,2022-09-03,19102,86.2,63.8,6.15,0.0,0.0,0.0,9.0
1179,2020-08-04,19102,79.3,71.4,,2.945,2.945,0.0,20.4
1180,2024-05-14,19102,74.8,52.6,4.95,0.0,0.0,0.0,9.4
1181,2019-01-26,19102,34.0,18.4,,0.0,0.0,0.0,5.9
1182,2017-07-01,19102,,,,,,,
1183,2016-07-10,19102,,,,,,,
1184,2016-06-18,19102,,,,,,,
1185,2024-01-26,19102,51.1,45.4,1.15,0.201,0.201,0.0,10.3
1186,2023-11-16,19102,67.0,40.4,3.1,0.0,0.0,0.0,6.5
1187,2022-10-30,19102,65.3,39.2,3.8,0.0,0.0,0.0,4.0
1188,2017-12-18,19102,,,,,,,
1189,2022-12-18,19102,38.9,32.1,2.35,0.0,0.0,0.0,12.3
1190,2023-11-15,19102,55.0,32.9,2.6,0.0,0.0,0.0,6.2
1191,2023-02-01,19102,37.4,29.7,3.4,0.0,0.0,0.0,7.8
1192,2023-08-30,19102,84.1,71.1,6.6,0.087,0.087,0.0,11.0
1193,2021-11-07,19102,56.0,35.7,3.15,0.0,0.0,0.0,7.3
1194,2020-02-15,19102,31.9,11.9,,0.0,0.0,0.0,9.3
1195,2021-10-29,19102,59.3,50.8,1.3,0.087,0.087,0.0,24.7
1196,2021-10-07,19102,73.1,63.6,4.3,0.0,0.0,0.0,3.6
1197,2023-08-19,19102,80.0,63.4,6.9,0.0,0.0,0.0,11.6
1198,2019-02-10,19102,35.6,24.6,,0.0,0.0,0.0,6.2
1199,2024-02-05,19102,47.9,30.2,3.45,0.0,0.0,0.0,9.0
1200,2016-12-12,19102,,,,,,,
1201,2016-06-05,19102,,,,,,,
1202,2018-05-31,19102,78.1,61.7,,0.028,0.028,0.0,5.8
1203,2021-03-10,19102,66.2,37.3,,0.0,0.0,0.0,10.0
1204,2023-01-05,19102,61.1,52.6,2.35,0.0,0.0,0.0,7.1
1205,2021-08-30,19102,88.8,72.8,6.5,0.0,0.0,0.0,8.6
1206,2023-02-19,19102,53.0,31.5,3.8,0.0,0.0,0.0,12.7
1207,2016-10-02,19102,,,,,,,
1208,2016-11-09,19102,,,,,,,
1209,2022-09-19,19102,86.6,66.8,5.8,0.0,0.0,0.0,12.8
1210,2019-08-23,19102,83.2,64.4,,2.213,2.213,0.0,7.2
1211,2017-09-14,19102,,,,,,,
1212,2023-06-21,19102,72.9,60.9,3.85,0.0,0.0,0.0,16.2
1213,2017-06-13,19102,,,,,,,
1214,2024-04-04,19102,52.0,38.7,5.9,0.346,0.346,0.0,18.2
1215,2024-04-23,19102,69.6,40.1,6.65,0.0,0.0,0.0,12.7
1216,2016-10-19,19102,,,,,,,
1217,2023-11-07,19102,65.2,51.9,1.95,0.0,0.0,0.0,7.6
1218,2020-06-19,19102,84.1,63.7,,0.0,0.0,0.0,7.6
1219,2017-08-25,19102,,,,,,,
1220,2022-09-17,19102,81.9,61.3,5.8,0.0,0.0,0.0,6.9
1221,2016-05-01,19102,,,,,,,
1222,2019-03-30,19102,76.3,49.6,,0.0,0.0,0.0,14.0
1223,2017-04-14,19102,,,,,,,
1224,2016-10-16,19102,,,,,,,
1225,2016-04-18,19102,,,,,,,
1226,2023-03-10,19102,46.2,33.4,4.45,0.016,0.016,0.0,8.9
1227,2024-01-30,19102,39.1,33.5,3.05,0.0,0.0,0.0,7.7
1228,2022-11-30,19102,55.9,37.0,0.45,0.413,0.413,0.0,14.0
1229,2023-04-10,19102,66.0,35.8,6.4,0.0,0.0,0.0,8.6
1230,2020-04-19,19102,62.8,30.9,,0.0,0.0,0.0,14.2
1231,2016-08-29,19102,,,,,,,
1232,2016-07-19,19102,,,,,,,
1233,2017-05-02,19102,,,,,,,
1234,2017-05-28,19102,,,,,,,
1235,2022-08-30,19102,91.6,75.7,6.55,0.0,0.0,0.0,13.1
1236,2021-08-16,19102,80.2,70.5,6.95,0.0,0.0,0.0,8.2
1237,2017-02-28,19102,,,,,,,
1238,2022-04-24,19102,71.0,50.3,7.0,0.0,0.0,0.0,12.5
1239,2020-06-01,19102,72.9,46.5,,0.0,0.0,0.0,11.6
1240,2018-02-26,19102,50.3,43.6,,0.0,0.0,0.0,7.0
1241,2016-04-17,19102,,,,,,,
1242,2016-12-04,19102,,,,,,,
1243,2017-06-15,19102,,,,,,,
1244,2016-06-09,19102,,,,,,,
1245,2020-03-10,19102,66.2,48.1,,0.0,0.0,0.0,14.2
1246,2016-12-29,19102,,,,,,,
1247,2023-04-25,19102,58.7,41.8,6.85,0.0,0.0,0.0,8.5
1248,2017-04-29,19102,,,,,,,
1249,2016-04-19,19102,,,,,,,
1250,2016-11-21,19102,,,,,,,
1251,2016-06-17,19102,,,,,,,
1252,2022-09-20,19102,80.7,67.5,5.7,0.0,0.0,0.0,10.7
1253,2018-05-14,19102,73.2,52.8,,0.126,0.126,0.0,6.2
1254,2017-12-29,19102,,,,,,,
1255,2016-08-16,19102,,,,,,,
1256,2020-04-15,19102,52.6,39.3,,0.098,0.098,0.0,11.1
1257,2021-11-08,19102,68.1,42.7,3.45,0.0,0.0,0.0,10.1
1258,2024-02-06,19102,44.1,28.9,3.45,0.0,0.0,0.0,11.1
1259,2021-02-01,19102,31.3,23.5,,1.189,1.189,0.0,19.3
1260,2023-04-07,19102,71.8,51.1,5.7,0.016,0.016,0.0,16.5
1261,2018-12-23,19102,45.5,35.8,,0.0,0.0,0.0,8.8
1262,2019-08-04,19102,88.3,72.4,,0.0,0.0,0.0,5.3
1263,2016-08-26,19102,,,,,,,
1264,2017-07-24,19102,,,,,,,
1265,2022-11-12,19102,70.3,63.6,3.25,0.299,0.299,0.0,14.7
1266,2017-06-07,19102,,,,,,,
1267,2020-11-27,19102,57.8,47.9,,0.0,0.0,0.0,4.0
1268,2020-05-08,19102,61.4,48.2,,0.043,0.043,0.0,8.2
1269,2023-03-23,19102,58.9,49.2,2.3,0.118,0.118,0.0,10.0
1270,2024-05-03,19102,83.1,55.4,6.7,0.0,0.0,0.0,11.1
1271,2023-11-27,19102,51.2,38.2,2.8,0.539,0.539,0.0,12.8
1272,2016-09-16,19102,,,,,,,
1273,2016-03-09,19102,,,,,,,
1274,2016-08-31,19102,,,,,,,
1275,2018-01-04,19102,25.6,18.5,,0.74,0.74,0.0,18.2
1276,2024-05-27,19102,79.5,69.6,6.8,0.016,0.016,0.0,13.4
1277,2019-08-11,19102,81.6,60.4,,0.0,0.0,0.0,7.0
1278,2017-03-10,19102,,,,,,,
1279,2019-12-15,19102,48.6,39.0,,0.0,0.0,0.0,14.6
1280,2021-11-02,19102,51.6,44.8,2.15,0.0,0.0,0.0,8.9
1281,2022-09-10,19102,83.4,59.3,6.1,0.0,0.0,0.0,8.4
1282,2023-07-10,19102,83.6,68.1,7.25,0.043,0.043,0.0,9.2
1283,2023-08-14,19102,90.4,67.9,6.7,0.0,0.0,0.0,6.4
1284,2016-03-31,19102,,,,,,,
1285,2022-10-16,19102,66.8,48.6,4.2,0.0,0.0,0.0,6.4
1286,2016-07-17,19102,,,,,,,
1287,2017-03-21,19102,,,,,,,
1288,2016-02-12,19102,,,,,,,
1289,2016-06-23,19102,,,,,,,
1290,2020-04-06,19102,66.1,50.0,,0.0,0.0,0.0,8.2
1291,2018-05-07,19102,74.2,53.8,,0.0,0.0,0.0,6.8
1292,2016-01-10,19102,,,,,,,
1293,2019-03-23,19102,51.9,34.0,,0.0,0.0,0.0,17.6
1294,2021-06-14,19102,83.3,64.3,6.6,0.0,0.0,0.0,8.3
1295,2017-08-16,19102,,,,,,,
1296,2019-12-14,19102,53.1,45.4,,0.701,0.701,0.0,10.8
1297,2016-10-10,19102,,,,,,,
1298,2022-06-21,19102,81.0,61.3,6.8,0.0,0.0,0.0,6.6
1299,2024-03-02,19102,53.6,39.9,0.55,0.72,0.72,0.0,13.3
1300,2017-04-07,19102,,,,,,,
1301,2022-01-24,19102,34.3,25.0,3.05,0.0,0.0,0.0,8.1
1302,2023-12-13,19102,45.7,31.9,2.35,0.0,0.0,0.0,11.0
1303,2024-03-12,19102,68.8,40.4,5.15,0.0,0.0,0.0,14.9
1304,2019-12-18,19102,37.7,30.7,,0.0,0.0,0.0,14.1
1305,2017-05-04,19102,,,,,,,
1306,2017-02-06,19102,,,,,,,
1307,2016-09-22,19102,,,,,,,
1308,2024-04-29,19102,90.4,60.5,7.15,0.0,0.0,0.0,7.8
1309,2022-08-01,19102,81.9,67.6,6.85,0.354,0.354,0.0,9.3
1310,2020-03-09,19102,72.4,36.8,,0.0,0.0,0.0,10.1
1311,2024-07-11,19102,88.8,73.7,7.65,0.142,0.142,0.0,12.3
1312,2022-11-05,19102,77.3,57.0,3.15,0.0,0.0,0.0,12.9
1313,2023-10-04,19102,84.1,61.6,5.15,0.0,0.0,0.0,6.1
1314,2021-10-08,19102,75.6,60.3,4.85,0.0,0.0,0.0,4.0
1315,2023-10-23,19102,62.4,45.7,4.2,0.0,0.0,0.0,12.4
1316,2023-08-09,19102,86.8,68.1,7.15,0.0,0.0,0.0,10.7
1317,2021-09-07,19102,84.3,60.7,6.3,0.0,0.0,0.0,7.6
1318,2019-10-12,19102,68.8,47.7,,0.0,0.0,0.0,5.4
1319,2023-07-09,19102,82.7,67.7,4.4,0.693,0.693,0.0,9.4
1320,2022-12-16,19102,46.9,40.8,0.3,0.713,0.713,0.0,15.6
1321,2017-06-23,19102,,,,,,,
1322,2017-09-18,19102,,,,,,,
1323,2022-03-06,19102,67.9,41.4,3.65,0.0,0.0,0.0,13.2
1324,2020-06-12,19102,85.4,64.7,,0.0,0.0,0.0,9.4
1325,2016-01-09,19102,,,,,,,
1326,2023-07-19,19102,84.8,71.8,7.35,0.0,0.0,0.0,11.4
1327,2023-12-15,19102,59.2,28.7,2.5,0.0,0.0,0.0,11.5
1328,2024-03-20,19102,62.7,38.1,5.45,0.0,0.0,0.0,21.6
1329,2022-05-23,19102,77.1,59.4,7.45,0.028,0.028,0.0,11.3
1330,2018-03-14,19102,36.0,26.9,,0.0,0.0,0.0,12.6
1331,2024-01-05,19102,38.1,24.3,2.5,0.0,0.0,0.0,10.2
1332,2024-02-21,19102,46.0,24.8,4.05,0.0,0.0,0.0,7.2
1333,2023-11-08,19102,58.8,45.3,3.5,0.0,0.0,0.0,8.8
1334,2016-09-28,19102,,,,,,,
1335,2023-10-18,19102,66.3,51.0,4.35,0.0,0.0,0.0,4.8
1336,2023-08-17,19102,89.8,72.1,6.5,0.0,0.0,0.0,9.1
1337,2022-01-09,19102,40.2,24.5,2.35,0.059,0.059,0.0,10.5
1338,2016-12-19,19102,,,,,,,
1339,2018-05-03,19102,92.9,66.0,,0.0,0.0,0.0,12.5
1340,2017-11-03,19102,,,,,,,
1341,2017-06-20,19102,,,,,,,
1342,2024-02-19,19102,45.0,30.1,4.05,0.0,0.0,0.0,8.4
1343,2018-03-16,19102,39.8,32.2,,0.0,0.0,0.0,14.3
1344,2018-12-08,19102,36.5,19.3,,0.0,0.0,0.0,8.0
1345,2018-11-22,19102,38.2,22.0,,0.0,0.0,0.0,11.0
1346,2023-02-22,19102,50.1,34.7,2.05,0.031,0.031,0.0,9.6
1347,2023-06-28,19102,78.2,65.2,7.5,0.311,0.311,0.0,11.3
1348,2021-10-15,19102,82.3,60.8,4.6,0.0,0.0,0.0,7.2
1349,2020-07-27,19102,94.5,72.0,,0.0,0.0,0.0,11.3
1350,2022-12-10,19102,42.7,30.1,2.6,0.0,0.0,0.0,10.0
1351,2017-01-07,19102,,,,,,,
1352,2016-06-26,19102,,,,,,,
1353,2024-04-02,19102,51.3,45.9,0.6,0.685,0.685,0.0,12.4
1354,2024-04-17,19102,69.7,50.3,4.8,0.213,0.213,0.0,10.8
1355,2019-08-02,19102,84.9,70.2,,0.0,0.0,0.0,8.4
1356,2016-01-15,19102,,,,,,,
1357,2023-12-28,19102,54.2,48.8,0.4,1.146,1.146,0.0,15.1
1358,2022-04-17,19102,64.8,43.1,6.4,0.016,0.016,0.0,16.3
1359,2024-04-09,19102,81.0,45.1,6.4,0.0,0.0,0.0,9.0
1360,2022-02-25,19102,46.6,29.9,3.8,0.472,0.472,0.0,16.7
1361,2016-08-28,19102,,,,,,,
1362,2016-10-28,19102,,,,,,,
1363,2016-05-17,19102,,,,,,,
1364,2023-04-14,19102,86.0,58.9,6.05,0.0,0.0,0.0,11.1
1365,2017-07-26,19102,,,,,,,
1366,2017-05-05,19102,,,,,,,
1367,2017-04-13,19102,,,,,,,
1368,2023-08-26,19102,86.4,72.2,5.8,0.0,0.0,0.0,9.5
1369,2023-02-20,19102,62.1,42.4,3.45,0.0,0.0,0.0,8.6
1370,2023-03-11,19102,42.7,36.2,2.15,0.299,0.299,0.0,12.9
1371,2018-09-09,19102,62.5,55.5,,0.815,0.815,0.0,12.0
1372,2017-02-01,19102,,,,,,,
1373,2023-04-11,19102,74.5,43.3,6.3,0.0,0.0,0.0,12.9
1374,2024-01-31,19102,41.8,35.7,3.0,0.0,0.0,0.0,5.1
1375,2024-05-20,19102,81.4,54.0,6.95,0.0,0.0,0.0,6.6
1376,2023-05-12,19102,86.8,58.6,6.85,0.0,0.0,0.0,9.3
1377,2016-06-30,19102,,,,,,,
1378,2023-05-17,19102,74.2,58.4,7.4,0.0,0.0,0.0,12.6
1379,2023-09-13,19102,83.5,69.8,6.05,0.224,0.224,0.0,8.4
1380,2016-08-20,19102,,,,,,,
1381,2016-03-17,19102,,,,,,,
1382,2016-03-27,19102,,,,,,,
1383,2023-10-20,19102,66.9,56.3,4.0,0.126,0.126,0.0,7.6
1384,2017-07-31,19102,,,,,,,
1385,2020-07-21,19102,93.6,74.2,,0.0,0.0,0.0,6.4
1386,2023-10-30,19102,68.0,53.2,3.85,0.016,0.016,0.0,11.2
1387,2019-12-20,19102,36.1,20.8,,0.0,0.0,0.0,7.5
1388,2016-12-16,19102,,,,,,,
1389,2024-05-08,19102,88.7,66.1,7.2,0.0,0.0,0.0,13.0
1390,2023-05-22,19102,79.6,54.6,7.5,0.0,0.0,0.0,8.8
1391,2016-01-26,19102,,,,,,,
1392,2023-07-26,19102,89.6,67.1,7.45,0.0,0.0,0.0,8.1
1393,2016-08-11,19102,,,,,,,
1394,2020-05-16,19102,80.8,67.5,,0.0,0.0,0.0,13.1
1395,2020-09-17,19102,74.2,58.6,,0.047,0.047,0.0,2.7
1396,2023-12-12,19102,43.5,30.1,2.45,0.0,0.0,0.0,11.1
1397,2024-02-20,19102,44.2,26.9,4.1,0.0,0.0,0.0,6.8
1398,2016-03-23,19102,,,,,,,
1399,2016-12-30,19102,,,,,,,
1400,2017-06-19,19102,,,,,,,
1401,2020-08-24,19102,85.7,69.1,,0.201,0.201,0.0,6.7
1402,2016-01-31,19102,,,,,,,
1403,2024-03-05,19102,52.6,42.7,0.35,0.327,0.327,0.0,12.5
1404,2016-05-25,19102,,,,,,,
1405,2016-11-22,19102,,,,,,,
1406,2024-06-10,19102,78.7,62.5,7.45,0.0,0.0,0.0,11.2
1407,2023-11-06,19102,61.2,43.0,3.55,0.0,0.0,0.0,7.6
1408,2024-03-26,19102,58.1,37.5,5.1,0.0,0.0,0.0,10.5
1409,2019-05-12,19102,63.4,46.7,,0.685,0.685,0.0,14.5
1410,2024-05-02,19102,91.0,55.5,7.1,0.0,0.0,0.0,12.6
1411,2018-02-14,19102,52.3,33.6,,0.0,0.0,0.0,6.7
1412,2018-11-11,19102,45.4,30.3,,0.0,0.0,0.0,5.9
1413,2023-08-15,19102,91.3,75.1,6.55,0.0,0.0,0.0,10.2
1414,2024-06-06,19102,82.0,69.8,6.45,5.953,5.953,0.0,10.3
1415,2024-02-02,19102,45.7,40.4,1.45,0.063,0.063,0.0,11.4
1416,2021-04-19,19102,66.8,43.7,5.3,0.0,0.0,0.0,9.3
1417,2021-08-20,19102,83.5,73.9,4.65,0.0,0.0,0.0,6.0
1418,2023-06-08,19102,76.0,53.8,7.4,0.0,0.0,0.0,15.3
1419,2016-04-20,19102,,,,,,,
1420,2024-04-12,19102,66.6,56.6,6.25,0.768,0.768,0.0,18.5
1421,2023-08-13,19102,87.4,71.2,7.1,0.0,0.0,0.0,12.8
1422,2023-03-24,19102,60.2,44.5,4.75,0.315,0.315,0.0,7.7
1423,2017-07-20,19102,,,,,,,
1424,2018-11-24,19102,47.3,22.7,,0.181,0.181,0.0,10.4
1425,2023-10-05,19102,79.6,58.0,5.1,0.0,0.0,0.0,8.6
1426,2021-08-03,19102,79.1,63.4,5.0,0.0,0.0,0.0,6.5
1427,2023-09-01,19102,78.6,60.2,6.6,0.0,0.0,0.0,8.6
1428,2023-05-28,19102,77.6,51.6,6.5,0.0,0.0,0.0,7.4
1429,2024-01-12,19102,49.6,31.0,2.45,0.0,0.0,0.0,10.6
1430,2023-12-21,19102,45.1,33.7,2.4,0.0,0.0,0.0,9.4
1431,2018-01-02,19102,22.9,8.9,,0.0,0.0,0.0,9.7
1432,2023-10-25,19102,74.9,47.1,4.15,0.0,0.0,0.0,8.8
1433,2019-04-13,19102,73.9,60.3,,0.13,0.13,0.0,8.2
1434,2016-06-16,19102,,,,,,,
1435,2022-12-27,19102,37.1,25.6,2.35,0.0,0.0,0.0,7.5
1436,2016-07-29,19102,,,,,,,
1437,2022-08-26,19102,91.1,73.3,6.65,0.0,0.0,0.0,11.9
1438,2022-05-26,19102,73.6,52.7,6.95,0.0,0.0,0.0,9.6
1439,2022-09-15,19102,76.4,65.1,6.0,0.0,0.0,0.0,12.1
1440,2017-01-10,19102,,,,,,,
1441,2016-11-17,19102,,,,,,,
1442,2023-02-13,19102,58.0,37.9,3.85,0.169,0.169,0.0,12.9
1443,2023-07-20,19102,86.7,72.3,7.1,0.0,0.0,0.0,7.6
1444,2024-02-08,19102,54.2,30.9,3.5,0.0,0.0,0.0,5.8
1445,2021-05-19,19102,89.2,56.6,7.4,0.0,0.0,0.0,7.9
1446,2019-01-19,19102,36.2,29.6,,0.0,0.0,0.0,6.0
1447,2023-10-11,19102,71.2,48.7,4.75,0.0,0.0,0.0,7.5
1448,2024-02-04,19102,49.0,26.6,3.4,0.0,0.0,0.0,5.9
1449,2024-01-09,19102,52.4,28.8,0.5,0.386,0.386,0.0,16.3
1450,2017-08-07,19102,,,,,,,
1451,2021-07-28,19102,88.3,70.6,7.35,0.0,0.0,0.0,7.7
1452,2021-01-26,19102,36.0,32.0,,0.075,0.075,0.0,7.6
1453,2016-11-28,19102,,,,,,,
1454,2021-05-18,19102,81.5,50.6,7.3,0.0,0.0,0.0,9.2
1455,2017-04-17,19102,,,,,,,
1456,2016-02-27,19102,,,,,,,
1457,2023-01-16,19102,49.8,29.2,2.85,0.0,0.0,0.0,11.1
1458,2023-06-06,19102,81.8,58.4,7.5,0.0,0.0,0.0,13.3
1459,2022-11-28,19102,61.0,50.2,1.65,0.0,0.0,0.0,13.4
1460,2018-02-21,19102,79.6,55.7,,0.0,0.0,0.0,12.3
1461,2021-12-15,19102,54.2,33.6,2.2,0.0,0.0,0.0,8.1
1462,2020-04-18,19102,47.6,43.9,,0.0,0.0,0.0,13.8
1463,2021-02-03,19102,35.0,28.0,,0.047,0.047,0.0,12.0
1464,2016-06-27,19102,,,,,,,
1465,2016-02-09,19102,,,,,,,
1466,2017-04-26,19102,,,,,,,
1467,2019-11-28,19102,56.9,43.5,,0.0,0.0,0.0,19.3
1468,2017-05-25,19102,,,,,,,
1469,2023-08-02,19102,82.9,60.6,7.3,0.0,0.0,0.0,9.0
1470,2016-10-23,19102,,,,,,,
1471,2021-03-17,19102,47.5,36.5,,0.0,0.0,0.0,5.8
1472,2023-03-06,19102,54.9,35.4,4.65,0.0,0.0,0.0,9.1
1473,2020-01-03,19102,48.1,40.3,,0.0,0.0,0.0,4.3
1474,2017-07-02,19102,,,,,,,
1475,2022-07-20,19102,95.7,75.4,7.55,0.0,0.0,0.0,10.6
1476,2016-03-29,19102,,,,,,,
1477,2022-06-17,19102,93.4,70.2,7.7,0.0,0.0,0.0,17.0
1478,2018-03-19,19102,50.7,31.0,,0.0,0.0,0.0,7.2
1479,2016-08-21,19102,,,,,,,
1480,2024-07-07,19102,96.4,76.0,7.15,0.055,0.055,0.0,10.4
1481,2023-07-28,19102,94.6,76.9,7.5,0.0,0.0,0.0,8.8
1482,2020-02-24,19102,60.3,26.5,,0.0,0.0,0.0,6.5
1483,2019-07-26,19102,92.5,65.2,,0.0,0.0,0.0,3.8
1484,2016-03-30,19102,,,,,,,
1485,2023-03-03,19102,53.5,35.5,4.0,0.043,0.043,0.0,11.9
1486,2016-02-15,19102,,,,,,,
1487,2024-04-24,19102,72.1,52.2,6.1,0.0,0.0,0.0,13.6
1488,2020-08-20,19102,85.5,61.3,,0.0,0.0,0.0,4.7
1489,2018-02-06,19102,36.1,22.9,,0.0,0.0,0.0,5.1
1490,2024-07-10,19102,92.5,78.2,6.8,0.0,0.0,0.0,15.0
1491,2020-05-18,19102,68.7,53.0,,0.0,0.0,0.0,13.1
1492,2017-05-27,19102,,,,,,,
1493,2016-04-14,19102,,,,,,,
1494,2017-05-18,19102,,,,,,,
1495,2024-01-23,19102,45.1,29.2,2.5,0.0,0.0,0.0,6.5
1496,2017-04-28,19102,,,,,,,
1497,2021-10-27,19102,64.7,49.6,3.35,0.0,0.0,0.0,13.1
1498,2020-08-12,19102,86.7,71.3,,1.035,1.035,0.0,10.0
1499,2023-09-29,19102,65.6,58.9,0.45,0.319,0.319,0.0,11.1
1500,2023-06-30,19102,86.1,65.8,7.55,0.0,0.0,0.0,7.3
1501,2021-07-01,19102,92.1,71.7,7.05,0.142,0.142,0.0,16.3
1502,2023-06-20,19102,78.0,65.4,4.65,0.0,0.0,0.0,10.7
1503,2023-09-02,19102,82.0,57.0,6.45,0.0,0.0,0.0,6.3
1504,2017-04-16,19102,,,,,,,
1505,2017-09-28,19102,,,,,,,
1506,2023-01-17,19102,46.4,33.8,1.45,0.0,0.0,0.0,6.0
1507,2022-09-23,19102,66.0,53.2,5.55,0.0,0.0,0.0,17.6
1508,2023-07-17,19102,86.1,72.4,7.45,0.0,0.0,0.0,7.5
1509,2016-10-09,19102,,,,,,,
1510,2023-10-31,19102,54.2,45.1,3.7,0.016,0.016,0.0,8.6
1511,2020-04-17,19102,52.4,30.9,,0.0,0.0,0.0,10.1
1512,2024-03-21,19102,48.5,30.1,5.65,0.0,0.0,0.0,24.8
1513,2016-06-14,19102,,,,,,,
1514,2024-03-31,19102,60.9,44.5,4.8,0.102,0.102,0.0,10.8
1515,2017-08-31,19102,,,,,,,
1516,2018-06-13,19102,79.4,63.4,,0.031,0.031,0.0,8.2
1517,2021-03-03,19102,55.2,27.4,,0.0,0.0,0.0,10.1
1518,2020-11-02,19102,50.3,36.8,,0.0,0.0,0.0,18.8
1519,2017-04-18,19102,,,,,,,
1520,2023-06-29,19102,83.7,63.4,7.6,0.0,0.0,0.0,7.1
1521,2016-04-10,19102,,,,,,,
1522,2016-06-13,19102,,,,,,,
1523,2024-01-02,19102,43.5,31.7,2.4,0.0,0.0,0.0,10.0
1524,2022-07-01,19102,91.5,72.0,7.65,0.0,0.0,0.0,12.1
1525,2019-07-16,19102,90.3,67.7,,0.0,0.0,0.0,7.4
1526,2022-09-28,19102,69.0,51.4,5.35,0.0,0.0,0.0,11.4
1527,2022-11-06,19102,75.5,65.8,2.8,0.0,0.0,0.0,10.0
1528,2016-12-22,19102,,,,,,,
1529,2016-09-23,19102,,,,,,,
1530,2021-07-07,19102,95.7,74.0,7.6,0.0,0.0,0.0,9.4
1531,2024-07-24,19102,79.9,74.3,6.6,0.016,0.016,0.0,9.4
1532,2016-04-30,19102,,,,,,,
1533,2018-01-23,19102,59.6,46.4,,1.091,1.091,0.0,8.1
1534,2020-06-24,19102,85.2,75.1,,0.0,0.0,0.0,11.0
1535,2016-09-17,19102,,,,,,,
1536,2023-09-19,19102,74.7,58.0,5.75,0.0,0.0,0.0,12.0
1537,2023-10-24,19102,67.3,41.9,4.15,0.0,0.0,0.0,6.3
1538,2021-09-09,19102,79.7,67.5,4.3,0.118,0.118,0.0,10.5
1539,2020-07-23,19102,90.5,72.1,,0.594,0.594,0.0,8.0
1540,2018-01-25,19102,36.0,27.3,,0.0,0.0,0.0,9.5
1541,2024-01-17,19102,24.1,13.0,3.0,0.0,0.0,0.0,12.3
1542,2023-10-03,19102,82.6,58.5,5.2,0.0,0.0,0.0,6.5
1543,2022-11-13,19102,63.1,44.9,3.3,0.016,0.016,0.0,14.4
1544,2021-08-08,19102,78.4,66.8,5.2,2.524,2.524,0.0,8.6
1545,2016-05-24,19102,,,,,,,
1546,2022-11-22,19102,53.4,31.7,2.9,0.0,0.0,0.0,7.6
1547,2021-12-18,19102,51.0,40.0,0.65,0.016,0.016,0.0,7.8
1548,2024-02-11,19102,49.2,43.4,1.9,0.0,0.0,0.0,6.3
1549,2018-06-15,19102,86.0,62.2,,0.0,0.0,0.0,9.7
1550,2016-05-29,19102,,,,,,,
1551,2023-08-04,19102,74.8,68.9,5.45,0.0,0.0,0.0,12.1
1552,2024-03-17,19102,63.8,49.0,5.15,0.0,0.0,0.0,16.9
1553,2022-11-01,19102,70.0,58.4,3.05,0.028,0.028,0.0,9.1
1554,2016-09-29,19102,,,,,,,
1555,2017-02-15,19102,,,,,,,
1556,2023-10-02,19102,81.6,61.8,5.25,0.0,0.0,0.0,7.9
1557,2024-04-16,19102,80.1,53.4,6.5,0.0,0.0,0.0,13.4
1558,2017-10-04,19102,,,,,,,
1559,2022-03-23,19102,56.1,39.9,5.2,0.0,0.0,0.0,12.9
1560,2024-01-22,19102,34.1,16.6,3.25,0.0,0.0,0.0,8.2
1561,2017-04-21,19102,,,,,,,
1562,2021-06-30,19102,95.1,76.9,7.65,0.0,0.0,0.0,11.2
1563,2024-02-22,19102,49.2,26.5,3.7,0.0,0.0,0.0,9.1
1564,2016-04-28,19102,,,,,,,
1565,2022-02-28,19102,48.3,29.9,4.7,0.0,0.0,0.0,14.9
1566,2016-01-29,19102,,,,,,,
1567,2022-01-13,19102,48.1,27.1,2.45,0.0,0.0,0.0,5.9
1568,2021-07-15,19102,91.7,74.5,7.25,0.0,0.0,0.0,9.0
1569,2016-08-12,19102,,,,,,,
1570,2023-09-11,19102,81.0,68.0,5.9,2.626,2.626,0.0,8.6
1571,2016-03-21,19102,,,,,,,
1572,2023-06-14,19102,74.7,62.0,5.8,0.894,0.894,0.0,9.4
1573,2023-02-14,19102,56.2,40.8,3.95,0.0,0.0,0.0,9.8
1574,2022-02-10,19102,55.4,32.8,3.7,0.0,0.0,0.0,15.6
1575,2022-04-26,19102,70.6,55.1,5.7,0.0,0.0,0.0,9.5
1576,2023-03-30,19102,53.0,32.1,5.8,0.0,0.0,0.0,14.1
1577,2017-03-11,19102,,,,,,,
1578,2016-04-25,19102,,,,,,,
1579,2023-05-01,19102,60.8,48.9,6.5,1.118,1.118,0.0,19.8
1580,2021-12-17,19102,59.3,51.8,2.25,0.0,0.0,0.0,11.7
1581,2023-12-07,19102,39.1,30.6,1.85,0.142,0.142,0.0,8.3
1582,2024-01-20,19102,25.6,14.1,2.8,0.0,0.0,0.0,15.4
1583,2020-05-20,19102,62.4,48.4,,0.0,0.0,0.0,15.0
1584,2023-11-05,19102,69.0,39.1,3.5,0.0,0.0,0.0,10.0
1585,2020-08-21,19102,84.7,63.4,,0.0,0.0,0.0,8.1
1586,2016-10-29,19102,,,,,,,
1587,2022-07-25,19102,90.7,81.0,7.2,0.0,0.0,0.0,11.8
1588,2023-12-25,19102,52.9,40.0,2.15,0.0,0.0,0.0,6.9
1589,2017-01-27,19102,,,,,,,
1590,2017-04-25,19102,,,,,,,
1591,2018-01-18,19102,33.0,17.2,,0.0,0.0,0.0,8.4
1592,2017-03-27,19102,,,,,,,
1593,2022-03-20,19102,70.7,51.3,3.6,0.0,0.0,0.0,14.8
1594,2021-05-24,19102,88.0,62.1,5.55,0.0,0.0,0.0,10.7
1595,2023-07-14,19102,90.4,80.0,7.05,0.0,0.0,0.0,11.2
1596,2016-05-15,19102,,,,,,,
1597,2022-10-17,19102,68.5,54.0,3.45,0.398,0.398,0.0,10.4
1598,2023-08-18,19102,82.7,70.2,6.95,0.0,0.0,0.0,13.3
1599,2020-09-16,19102,72.7,47.9,,0.0,0.0,0.0,6.3
1600,2021-12-02,19102,56.9,44.2,2.0,0.0,0.0,0.0,9.3
1601,2024-02-27,19102,67.1,37.5,4.1,0.169,0.169,0.0,11.5
1602,2023-06-12,19102,81.7,68.5,6.7,0.043,0.043,0.0,15.9
1603,2021-04-23,19102,63.5,36.5,6.7,0.0,0.0,0.0,15.2
1604,2023-03-01,19102,51.1,31.0,4.2,0.0,0.0,0.0,11.0
1605,2022-06-28,19102,79.6,63.8,7.6,0.016,0.016,0.0,9.4
1606,2023-09-06,19102,93.6,74.7,6.35,0.0,0.0,0.0,8.6
1607,2016-12-15,19102,,,,,,,
1608,2022-03-27,19102,47.0,37.7,3.9,0.0,0.0,0.0,18.3
1609,2018-03-05,19102,43.9,30.7,,0.0,0.0,0.0,9.7
1610,2022-08-02,19102,92.7,71.6,7.2,0.0,0.0,0.0,11.2
1611,2023-08-28,19102,81.2,68.8,5.95,0.0,0.0,0.0,11.5
1612,2016-11-06,19102,,,,,,,
1613,2020-11-20,19102,64.4,39.3,,0.0,0.0,0.0,9.1
1614,2023-12-01,19102,46.1,32.4,1.5,0.13,0.13,0.0,6.3
1615,2018-05-08,19102,75.6,52.6,,0.016,0.016,0.0,8.1
1616,2023-01-24,19102,46.2,34.1,3.05,0.0,0.0,0.0,12.0
1617,2023-08-01,19102,83.1,67.6,7.25,0.0,0.0,0.0,8.9
1618,2024-02-13,19102,47.5,32.3,3.55,1.575,1.575,0.0,16.7
1619,2024-05-07,19102,82.8,59.4,6.65,0.0,0.0,0.0,9.0
1620,2024-04-10,19102,75.1,54.7,5.6,0.0,0.0,0.0,7.9
1621,2023-02-21,19102,56.7,41.6,3.75,0.071,0.071,0.0,13.7
1622,2016-02-24,19102,,,,,,,
1623,2024-06-29,19102,85.9,65.5,7.15,0.0,0.0,0.0,12.3
1624,2018-02-02,19102,40.9,23.1,,0.28,0.28,0.0,14.2
1625,2017-06-04,19102,,,,,,,
1626,2021-08-17,19102,80.5,72.4,5.05,0.091,0.091,0.0,7.7
1627,2017-11-29,19102,,,,,,,
1628,2022-11-18,19102,44.5,31.0,3.05,0.0,0.0,0.0,12.9
1629,2023-04-19,19102,67.5,40.9,6.85,0.0,0.0,0.0,14.0
1630,2023-04-27,19102,59.1,48.8,3.7,0.028,0.028,0.0,7.2
1631,2016-02-26,19102,,,,,,,
1632,2020-05-15,19102,85.6,62.7,,0.0,0.0,0.0,14.1
1633,2024-03-28,19102,50.8,46.1,1.0,0.386,0.386,0.0,9.9
1634,2023-04-12,19102,84.3,60.0,6.6,0.0,0.0,0.0,14.0
1635,2023-06-27,19102,79.6,66.3,7.45,0.244,0.244,0.0,11.3
1636,2024-01-15,19102,30.6,24.4,2.05,0.0,0.0,0.0,11.8
1637,2022-12-21,19102,40.9,24.1,2.4,0.0,0.0,0.0,3.9
1638,2016-11-11,19102,,,,,,,
1639,2022-08-23,19102,88.4,69.4,6.75,0.016,0.016,0.0,9.6
1640,2019-07-31,19102,86.8,73.0,,0.0,0.0,0.0,10.6
1641,2023-02-23,19102,59.3,39.3,4.45,0.0,0.0,0.0,8.9
1642,2016-12-03,19102,,,,,,,
1643,2023-03-16,19102,60.4,31.9,5.4,0.0,0.0,0.0,10.2
1644,2024-04-26,19102,66.7,38.2,6.7,0.0,0.0,0.0,11.5
1645,2017-03-24,19102,,,,,,,
1646,2018-03-13,19102,36.7,32.8,,0.201,0.201,0.0,13.2
1647,2020-02-25,19102,53.9,45.9,,0.201,0.201,0.0,5.2
1648,2016-07-27,19102,,,,,,,
1649,2023-05-08,19102,78.3,59.6,7.15,0.0,0.0,0.0,10.0
1650,2024-02-29,19102,59.4,30.9,4.6,0.055,0.055,0.0,24.0
1651,2021-04-06,19102,73.6,47.9,6.25,0.0,0.0,0.0,11.2
1652,2016-12-26,19102,,,,,,,
1653,2022-06-22,19102,76.0,65.6,5.55,0.031,0.031,0.0,11.8
1654,2023-03-05,19102,58.2,32.2,4.95,0.0,0.0,0.0,14.0
1655,2016-11-23,19102,,,,,,,
1656,2021-05-08,19102,57.2,49.1,5.15,0.075,0.075,0.0,11.9
1657,2017-03-09,19102,,,,,,,
1658,2020-04-26,19102,55.5,47.8,,0.079,0.079,0.0,11.4
1659,2024-05-01,19102,81.6,59.2,7.15,0.256,0.256,0.0,10.0
1660,2024-07-05,19102,96.4,76.8,7.55,0.0,0.0,0.0,11.2
1661,2023-02-15,19102,67.1,42.3,4.1,0.0,0.0,0.0,16.6
1662,2019-12-19,19102,31.1,18.2,,0.0,0.0,0.0,15.6
1663,2022-07-14,19102,90.4,74.9,7.45,0.0,0.0,0.0,10.1
1664,2023-09-25,19102,66.2,58.1,0.85,0.087,0.087,0.0,13.1
1665,2024-07-22,19102,84.8,74.2,4.55,0.126,0.126,0.0,8.7
1666,2021-10-21,19102,75.6,53.5,4.25,0.0,0.0,0.0,7.6
1667,2020-08-28,19102,86.5,71.3,,0.98,0.98,0.0,9.8
1668,2020-07-13,19102,87.6,69.1,,0.016,0.016,0.0,9.0
1669,2016-03-20,19102,,,,,,,
1670,2021-03-30,19102,65.9,35.5,6.15,0.0,0.0,0.0,13.8
1671,2024-04-05,19102,49.9,40.4,5.5,0.0,0.0,0.0,15.3
1672,2023-09-27,19102,66.0,53.8,5.45,0.0,0.0,0.0,9.8
1673,2021-02-14,19102,36.0,26.3,,0.047,0.047,0.0,10.2
1674,2021-10-22,19102,67.6,60.4,3.95,0.0,0.0,0.0,8.7
1675,2017-11-21,19102,,,,,,,
1676,2022-07-27,19102,86.7,74.2,6.55,0.0,0.0,0.0,9.4
1677,2023-02-24,19102,51.7,44.3,4.5,0.0,0.0,0.0,17.2
1678,2024-06-27,19102,90.4,68.8,7.65,0.016,0.016,0.0,12.7
1679,2019-07-17,19102,94.2,76.9,,0.0,0.0,0.0,8.2
1680,2018-01-26,19102,41.7,21.0,,0.0,0.0,0.0,4.5
1681,2022-06-14,19102,87.4,64.5,7.55,0.055,0.055,0.0,8.0
1682,2019-07-22,19102,92.8,75.1,,0.016,0.016,0.0,9.9
1683,2023-11-19,19102,56.5,36.4,3.05,0.0,0.0,0.0,11.1
1684,2023-02-26,19102,49.4,28.3,3.05,0.0,0.0,0.0,12.1
1685,2023-05-07,19102,76.6,49.9,6.65,0.0,0.0,0.0,10.0
1686,2022-10-20,19102,60.7,39.6,4.25,0.0,0.0,0.0,13.4
1687,2021-04-05,19102,70.6,47.6,6.2,0.0,0.0,0.0,15.3
1688,2022-02-22,19102,60.1,37.3,2.1,0.059,0.059,0.0,9.8
1689,2021-10-20,19102,77.0,53.5,4.3,0.0,0.0,0.0,9.4
1690,2019-09-25,19102,79.6,54.9,,0.0,0.0,0.0,6.3
1691,2016-01-16,19102,,,,,,,
1692,2017-12-05,19102,,,,,,,
1693,2018-04-09,19102,45.3,31.2,,0.0,0.0,0.0,6.7
1694,2017-10-10,19102,,,,,,,
1695,2024-02-01,19102,46.3,31.8,3.1,0.0,0.0,0.0,8.2
1696,2023-03-02,19102,58.0,41.9,4.3,0.0,0.0,0.0,10.8
1697,2016-06-29,19102,,,,,,,
1698,2017-04-22,19102,,,,,,,
1699,2018-05-09,19102,77.7,51.4,,0.0,0.0,0.0,8.3
1700,2023-01-15,19102,43.0,27.2,2.75,0.0,0.0,0.0,14.5
1701,2017-03-01,19102,,,,,,,
1702,2020-10-20,19102,70.7,55.2,,0.016,0.016,0.0,4.8
1703,2023-06-02,19102,93.1,61.6,7.5,0.0,0.0,0.0,7.8
1704,2022-08-29,19102,91.6,72.7,6.55,0.0,0.0,0.0,9.0
1705,2024-04-08,19102,68.0,37.4,6.0,0.0,0.0,0.0,8.6
1706,2023-07-07,19102,90.3,74.9,7.65,0.0,0.0,0.0,6.5
1707,2023-05-25,19102,77.8,52.1,7.45,0.0,0.0,0.0,13.2
1708,2019-07-30,19102,93.7,75.3,,0.0,0.0,0.0,8.1
1709,2018-01-22,19102,58.4,40.9,,0.075,0.075,0.0,3.6
1710,2023-02-09,19102,59.8,33.0,2.6,0.0,0.0,0.0,8.9
1711,2018-02-12,19102,63.5,40.6,,0.13,0.13,0.0,8.6
1712,2024-02-26,19102,61.1,30.8,4.35,0.0,0.0,0.0,4.6
1713,2021-11-29,19102,43.1,35.2,2.55,0.0,0.0,0.0,12.9
1714,2021-04-10,19102,70.5,50.5,3.55,0.098,0.098,0.0,10.1
1715,2020-04-24,19102,49.7,43.7,,1.252,1.252,0.0,9.2
1716,2020-12-01,19102,60.4,39.9,,0.0,0.0,0.0,13.3
1717,2017-04-20,19102,,,,,,,
1718,2022-11-17,19102,43.8,35.7,3.05,0.0,0.0,0.0,15.0
1719,2020-09-04,19102,86.9,70.5,,0.0,0.0,0.0,8.5
1720,2024-02-10,19102,55.1,39.1,2.05,0.0,0.0,0.0,5.6
1721,2022-09-25,19102,74.9,58.9,5.15,0.087,0.087,0.0,8.5
1722,2016-08-15,19102,,,,,,,
1723,2023-05-05,19102,64.9,45.0,6.95,0.0,0.0,0.0,6.6
1724,2023-01-02,19102,55.4,38.1,2.5,0.0,0.0,0.0,4.3
1725,2020-11-17,19102,50.5,34.3,,0.0,0.0,0.0,13.3
1726,2023-07-06,19102,94.0,74.2,7.6,0.0,0.0,0.0,8.1
1727,2021-12-19,19102,46.7,34.0,1.85,0.016,0.016,0.0,13.8
1728,2023-06-03,19102,85.1,64.4,5.4,0.016,0.016,0.0,11.5
1729,2016-02-25,19102,,,,,,,
1730,2024-01-08,19102,45.4,35.7,2.6,0.0,0.0,0.0,10.2
1731,2024-01-27,19102,49.9,43.8,3.05,0.0,0.0,0.0,6.0
1732,2023-12-31,19102,44.5,37.1,2.4,0.0,0.0,0.0,9.4
1733,2017-02-09,19102,,,,,,,
1734,2019-08-01,19102,85.1,70.5,,0.0,0.0,0.0,4.9
1735,2017-09-13,19102,,,,,,,
1736,2017-02-27,19102,,,,,,,
1737,2017-06-01,19102,,,,,,,
1738,2017-12-01,19102,,,,,,,
1739,2023-12-18,19102,60.4,45.4,1.3,2.283,2.283,0.0,18.9
1740,2024-06-04,19102,88.9,68.2,7.4,0.0,0.0,0.0,11.0
1741,2023-03-07,19102,49.5,35.7,4.85,0.016,0.016,0.0,17.0
1742,2024-01-06,19102,34.8,25.4,1.65,0.358,0.358,0.0,18.5
1743,2017-02-10,19102,,,,,,,
1744,2023-09-22,19102,72.9,56.9,5.15,0.0,0.0,0.0,14.5
1745,2017-06-25,19102,,,,,,,
1746,2017-02-17,19102,,,,,,,
1747,2020-08-31,19102,74.1,59.9,,0.0,0.0,0.0,5.5
1748,2023-12-09,19102,52.1,36.1,2.5,0.0,0.0,0.0,4.5
1749,2021-07-14,19102,93.4,73.4,7.6,0.0,0.0,0.0,10.7
1750,2017-04-15,19102,,,,,,,
1751,2023-06-10,19102,82.1,57.5,7.45,0.0,0.0,0.0,9.8
1752,2023-02-28,19102,42.2,34.2,0.85,0.598,0.598,0.0,14.7
1753,2022-01-14,19102,46.8,36.4,2.6,0.0,0.0,0.0,16.7
1754,2023-09-28,19102,62.6,52.8,2.95,0.0,0.0,0.0,9.7
1755,2016-10-21,19102,,,,,,,
1756,2024-04-18,19102,56.7,49.9,2.65,0.0,0.0,0.0,11.1
1757,2022-04-23,19102,67.2,52.4,6.3,0.0,0.0,0.0,8.2
1758,2023-06-07,19102,76.1,57.2,7.45,0.0,0.0,0.0,13.1
1759,2023-03-14,19102,41.7,35.1,3.15,0.016,0.016,0.0,21.7
1760,2024-03-06,19102,51.5,47.7,1.75,0.441,0.441,0.0,9.1
1761,2023-11-02,19102,51.3,31.7,3.6,0.0,0.0,0.0,4.7
1762,2023-09-09,19102,88.0,69.2,4.95,0.0,0.0,0.0,8.0
1763,2021-12-12,19102,64.6,40.7,2.45,0.13,0.13,0.0,16.3
1764,2021-02-06,19102,42.3,29.5,,0.0,0.0,0.0,14.8
1765,2016-04-29,19102,,,,,,,
1766,2020-07-15,19102,85.0,68.2,,0.0,0.0,0.0,9.4
1767,2020-06-14,19102,75.1,52.7,,0.0,0.0,0.0,8.4
1768,2020-07-10,19102,84.7,73.0,,1.547,1.547,0.0,15.3
1769,2024-02-24,19102,44.5,37.3,3.85,0.059,0.059,0.0,11.9
1770,2023-10-26,19102,79.2,51.7,4.05,0.0,0.0,0.0,5.8
1771,2023-12-29,19102,52.6,44.4,2.4,0.0,0.0,0.0,7.6
1772,2023-03-28,19102,52.0,40.8,4.2,0.0,0.0,0.0,9.7
1773,2024-02-25,19102,42.7,22.8,4.3,0.0,0.0,0.0,9.9
1774,2017-04-08,19102,,,,,,,
1775,2022-04-25,19102,60.1,46.9,6.45,0.016,0.016,0.0,10.3
1776,2018-04-16,19102,61.8,39.1,,3.583,3.583,0.0,20.2
1777,2016-03-18,19102,,,,,,,
1778,2017-07-18,19102,,,,,,,
1779,2017-12-11,19102,,,,,,,
1780,2024-07-02,19102,87.5,63.0,7.5,0.0,0.0,0.0,10.6
1781,2023-06-25,19102,86.0,68.8,7.45,0.0,0.0,0.0,10.3
1782,2022-02-24,19102,54.3,31.0,1.95,0.004,0.004,0.0,14.6
1783,2024-07-20,19102,85.4,69.0,5.65,0.0,0.0,0.0,9.1
1784,2023-04-04,19102,77.5,48.5,6.25,0.0,0.0,0.0,12.8
1785,2016-12-20,19102,,,,,,,
1786,2020-11-14,19102,53.6,40.1,,0.0,0.0,0.0,8.0
1787,2023-08-11,19102,86.8,67.6,6.75,0.0,0.0,0.0,10.8
1788,2018-04-06,19102,64.9,33.7,,0.016,0.016,0.0,14.4
1789,2017-09-21,19102,,,,,,,
1790,2017-05-11,19102,,,,,,,
1791,2021-11-18,19102,72.6,45.1,3.05,0.0,0.0,0.0,12.2
1792,2023-11-29,19102,36.4,25.3,2.65,0.0,0.0,0.0,10.3
1793,2016-01-21,19102,,,,,,,
1794,2017-06-08,19102,,,,,,,
1795,2018-02-20,19102,71.4,46.7,,0.043,0.043,0.0,6.7
1796,2016-01-23,19102,,,,,,,
1797,2020-08-10,19102,90.9,72.8,,0.0,0.0,0.0,7.4
1798,2020-03-07,19102,47.8,35.5,,0.157,0.157,0.0,16.8
1799,2023-08-08,19102,83.4,68.5,5.3,0.0,0.0,0.0,15.7
1800,2024-05-22,19102,89.1,61.6,7.4,0.0,0.0,0.0,11.0
1801,2018-02-27,19102,57.7,32.1,,0.0,0.0,0.0,6.4
1802,2024-03-14,19102,78.7,46.7,5.3,0.0,0.0,0.0,9.6
1803,2023-09-14,19102,79.8,64.2,6.0,0.0,0.0,0.0,10.1
1804,2020-11-08,19102,77.1,43.0,,0.0,0.0,0.0,2.5
1805,2024-02-14,19102,39.8,33.5,3.95,0.0,0.0,0.0,16.6
1806,2024-03-04,19102,65.6,45.5,4.75,0.0,0.0,0.0,10.6
1807,2021-05-06,19102,66.4,48.1,7.2,0.0,0.0,0.0,10.3
1808,2021-06-02,19102,79.3,59.6,6.65,0.0,0.0,0.0,9.3
1809,2023-05-02,19102,55.2,47.2,5.25,0.0,0.0,0.0,13.8
1810,2021-04-15,19102,61.0,53.1,5.85,0.0,0.0,0.0,12.6
1811,2021-11-12,19102,64.4,54.4,2.55,0.055,0.055,0.0,14.0
1812,2019-10-17,19102,58.3,50.3,,0.0,0.0,0.0,19.2
1813,2024-07-08,19102,97.5,76.9,7.6,0.0,0.0,0.0,10.8
1814,2020-07-16,19102,82.4,66.6,,0.0,0.0,0.0,10.3
1815,2023-07-13,19102,93.1,73.4,7.6,0.0,0.0,0.0,13.6
1816,2021-08-01,19102,75.0,64.1,6.05,0.0,0.0,0.0,6.5
1817,2019-07-29,19102,92.3,73.8,,0.0,0.0,0.0,8.0
1818,2022-04-02,19102,55.6,39.1,6.0,0.0,0.0,0.0,14.4
1819,2023-11-13,19102,51.3,29.8,3.2,0.0,0.0,0.0,6.5
1820,2022-06-27,19102,82.8,73.2,7.3,0.043,0.043,0.0,11.4
1821,2018-05-24,19102,85.0,59.7,,0.0,0.0,0.0,8.5
1822,2016-01-02,19102,,,,,,,
1823,2020-10-31,19102,46.5,31.7,,0.0,0.0,0.0,4.5
1824,2023-05-24,19102,81.5,49.3,7.5,0.0,0.0,0.0,7.2
1825,2024-03-27,19102,49.7,43.0,4.0,0.071,0.071,0.0,8.4
1826,2020-06-15,19102,76.9,54.5,,0.0,0.0,0.0,10.6
1827,2023-05-30,19102,74.2,54.7,7.45,0.0,0.0,0.0,12.4
1828,2023-04-26,19102,62.0,41.8,6.75,0.37,0.37,0.0,7.8
1829,2020-06-28,19102,88.9,72.7,,0.0,0.0,0.0,9.2
1830,2024-01-07,19102,40.6,35.7,1.3,0.949,0.949,0.0,14.8
1831,2024-07-03,19102,85.7,64.1,7.65,0.0,0.0,0.0,10.6
1832,2017-11-01,19102,,,,,,,
1833,2022-07-18,19102,91.7,76.0,6.6,0.0,0.0,0.0,15.5
1834,2018-01-19,19102,43.0,20.7,,0.0,0.0,0.0,7.9
1835,2021-12-16,19102,62.1,48.6,2.4,0.0,0.0,0.0,10.4
1836,2016-01-01,19102,,,,,,,
1837,2022-06-19,19102,75.1,54.2,7.35,0.0,0.0,0.0,15.1
1838,2021-07-29,19102,79.1,69.6,5.5,0.0,0.0,0.0,8.3
1839,2017-12-04,19102,,,,,,,
1840,2022-11-23,19102,57.9,32.8,2.95,0.0,0.0,0.0,7.6
1841,2017-01-28,19102,,,,,,,
1842,2023-01-25,19102,45.6,29.0,1.6,0.157,0.157,0.0,13.2
1843,2021-12-13,19102,54.5,33.6,2.5,0.0,0.0,0.0,10.0
1844,2024-03-24,19102,50.5,30.6,5.75,0.0,0.0,0.0,24.4
1845,2023-04-06,19102,82.3,53.9,6.2,0.0,0.0,0.0,10.2
1846,2023-07-03,19102,90.0,73.6,7.7,0.0,0.0,0.0,9.6
1847,2020-12-15,19102,38.5,30.2,,0.0,0.0,0.0,9.5
1848,2017-08-22,19102,,,,,,,
1849,2017-07-05,19102,,,,,,,
1850,2024-04-13,19102,64.1,49.1,5.0,0.016,0.016,0.0,21.3
1851,2023-05-11,19102,81.1,51.9,7.25,0.0,0.0,0.0,10.1
1852,2021-06-19,19102,88.8,67.0,7.7,0.0,0.0,0.0,9.1
1853,2023-03-13,19102,44.1,37.4,0.8,0.327,0.327,0.0,9.1
1854,2016-01-28,19102,,,,,,,
1855,2023-04-23,19102,68.0,53.9,6.8,0.543,0.543,0.0,14.0
1856,2023-09-15,19102,76.7,57.1,5.95,0.0,0.0,0.0,11.3
1857,2022-03-09,19102,44.3,37.1,0.6,0.429,0.429,0.0,10.2
1858,2024-07-19,19102,87.6,66.2,7.45,0.0,0.0,0.0,7.5
1859,2023-07-21,19102,82.1,67.5,7.4,3.134,3.134,0.0,9.8
1860,2022-10-01,19102,59.8,53.6,2.3,0.417,0.417,0.0,16.0
1861,2022-07-15,19102,89.5,71.5,7.1,0.0,0.0,0.0,10.5
1862,2016-05-11,19102,,,,,,,
1863,2022-08-25,19102,92.7,68.1,6.75,0.0,0.0,0.0,6.7
1864,2016-02-10,19102,,,,,,,
1865,2023-03-09,19102,51.9,31.6,4.95,0.0,0.0,0.0,12.2
1866,2022-12-28,19102,47.9,25.0,2.4,0.0,0.0,0.0,8.9
1867,2019-10-29,19102,61.8,54.2,,0.0,0.0,0.0,4.9
1868,2021-04-01,19102,59.7,40.4,5.95,0.374,0.374,0.0,16.6
1869,2023-01-26,19102,58.0,42.2,3.1,0.642,0.642,0.0,18.1
1870,2023-06-17,19102,79.8,61.4,7.5,0.0,0.0,0.0,14.1
1871,2018-03-20,19102,45.2,30.2,,1.614,1.614,0.0,14.1
1872,2022-12-29,19102,53.2,27.1,2.4,0.0,0.0,0.0,9.1
1873,2020-09-28,19102,81.0,68.3,,0.213,0.213,0.0,9.1
1874,2022-09-16,19102,78.3,54.7,5.95,0.0,0.0,0.0,5.8
1875,2022-02-15,19102,32.3,16.7,4.1,0.0,0.0,0.0,7.1
1876,2023-01-23,19102,39.9,36.4,1.75,0.685,0.685,0.0,13.0
1877,2018-03-22,19102,46.7,31.6,,0.268,0.268,0.0,11.3
1878,2020-04-25,19102,67.5,41.6,,0.0,0.0,0.0,10.9
1879,2023-07-31,19102,85.9,64.1,7.35,0.0,0.0,0.0,11.6
1880,2019-07-18,19102,84.7,74.4,,0.386,0.386,0.0,9.8
1881,2023-02-25,19102,42.9,26.4,3.45,0.0,0.0,0.0,9.4
1882,2022-03-25,19102,57.4,44.2,5.75,0.469,0.469,0.0,11.9
1883,2017-09-15,19102,,,,,,,
1884,2020-10-23,19102,69.5,61.4,,0.0,0.0,0.0,4.9
1885,2022-03-04,19102,39.9,22.1,4.75,0.0,0.0,0.0,11.5
1886,2020-07-09,19102,90.7,73.1,,0.0,0.0,0.0,8.5
1887,2023-11-18,19102,61.5,48.1,2.95,0.0,0.0,0.0,16.6
1888,2022-03-10,19102,50.8,31.0,4.85,0.0,0.0,0.0,7.2
1889,2024-01-24,19102,41.0,32.5,1.35,0.0,0.0,0.0,4.8
1890,2023-01-06,19102,51.7,42.6,2.5,0.055,0.055,0.0,10.8
1891,2021-10-23,19102,62.5,51.6,3.15,0.0,0.0,0.0,6.5
1892,2023-03-21,19102,62.5,29.3,5.7,0.0,0.0,0.0,10.1
1893,2023-11-22,19102,55.9,46.9,2.45,0.768,0.768,0.0,13.3
1894,2022-03-17,19102,60.4,46.9,2.9,0.016,0.016,0.0,8.2
1895,2023-08-20,19102,85.6,63.4,7.0,0.0,0.0,0.0,10.4
1896,2023-02-17,19102,58.8,43.1,0.8,1.307,1.307,0.0,15.2
1897,2024-05-23,19102,82.6,69.2,5.8,0.24,0.24,0.0,8.7
1898,2023-01-18,19102,54.6,41.0,2.75,0.0,0.0,0.0,13.3
1899,2021-08-10,19102,90.8,72.7,7.15,0.0,0.0,0.0,9.8
1900,2023-07-22,19102,84.0,66.8,7.35,0.0,0.0,0.0,9.7
1901,2023-01-31,19102,47.3,34.5,1.25,0.028,0.028,0.0,7.7
1902,2020-08-29,19102,79.9,71.0,,0.028,0.028,0.0,7.6
1903,2023-07-08,19102,87.5,75.1,7.25,0.059,0.059,0.0,7.4
1904,2018-03-23,19102,45.6,32.9,,0.0,0.0,0.0,10.2
1905,2024-02-15,19102,41.8,25.3,3.1,0.0,0.0,0.0,10.9
1906,2022-10-27,19102,65.4,53.0,4.05,0.0,0.0,0.0,12.6
1907,2023-11-25,19102,42.9,25.7,2.3,0.0,0.0,0.0,13.5
1908,2018-01-31,19102,29.5,15.1,,0.0,0.0,0.0,10.4
1909,2020-06-18,19102,80.2,63.4,,0.059,0.059,0.0,7.3
1910,2016-05-09,19102,,,,,,,
1911,2021-09-08,19102,85.8,66.3,6.2,0.0,0.0,0.0,14.1
1912,2023-07-25,19102,86.6,69.9,7.35,0.0,0.0,0.0,10.3
1913,2023-12-20,19102,44.0,28.5,2.4,0.0,0.0,0.0,8.9
1914,2023-04-30,19102,60.5,51.9,0.85,1.083,1.083,0.0,12.2
1915,2016-01-27,19102,,,,,,,
1916,2018-05-10,19102,79.4,50.9,,0.0,0.0,0.0,8.0
1917,2022-08-27,19102,89.5,73.5,6.6,0.0,0.0,0.0,9.2
1918,2022-10-26,19102,66.1,61.4,3.35,0.0,0.0,0.0,7.3
1919,2021-05-16,19102,73.4,49.1,5.4,0.0,0.0,0.0,7.3
1920,2020-03-18,19102,58.6,36.9,,0.0,0.0,0.0,10.1
1921,2018-01-07,19102,18.4,1.4,,0.0,0.0,0.0,5.8
1922,2016-10-30,19102,,,,,,,
1923,2017-04-01,19102,,,,,,,
1924,2020-10-01,19102,69.6,55.9,,0.0,0.0,0.0,6.5
1925,2023-06-22,19102,66.3,58.8,1.75,0.217,0.217,0.0,12.2
1926,2023-10-12,19102,72.5,48.9,4.75,0.0,0.0,0.0,5.1
1927,2023-01-07,19102,45.3,37.9,2.45,0.0,0.0,0.0,10.3
1928,2023-05-10,19102,73.9,46.9,7.15,0.0,0.0,0.0,6.6
1929,2021-12-20,19102,38.2,21.9,2.45,0.0,0.0,0.0,10.5
1930,2024-01-21,19102,30.1,16.0,3.2,0.0,0.0,0.0,11.4
1931,2024-06-21,19102,94.8,72.0,7.7,0.0,0.0,0.0,9.3
1932,2023-01-08,19102,41.8,32.2,2.3,0.0,0.0,0.0,6.3
1933,2021-09-27,19102,81.4,56.4,5.4,0.0,0.0,0.0,14.5
1934,2020-10-13,19102,63.0,55.3,,0.047,0.047,0.0,10.7
1935,2021-06-04,19102,79.7,69.2,6.7,0.0,0.0,0.0,11.0
1936,2018-06-01,19102,84.7,70.1,,0.268,0.268,0.0,4.9
1937,2019-07-25,19102,85.9,65.7,,0.0,0.0,0.0,7.2
1938,2022-10-18,19102,57.0,43.5,4.4,0.0,0.0,0.0,9.3
1939,2020-08-14,19102,82.3,73.3,,0.0,0.0,0.0,10.4
1940,2023-01-11,19102,43.9,31.4,2.15,0.0,0.0,0.0,7.4
1941,2022-04-03,19102,52.2,42.5,3.9,0.071,0.071,0.0,15.3
1942,2022-03-03,19102,48.9,41.1,4.75,0.0,0.0,0.0,13.1
1943,2020-06-02,19102,71.8,56.0,,0.0,0.0,0.0,9.2
1944,2024-03-22,19102,47.5,29.5,5.65,0.0,0.0,0.0,9.5
1945,2021-06-24,19102,79.0,54.3,7.55,0.0,0.0,0.0,9.7
1946,2023-07-18,19102,89.7,74.0,7.45,0.0,0.0,0.0,11.2
1947,2021-06-11,19102,73.3,62.3,2.05,0.13,0.13,0.0,9.0
1948,2016-03-06,19102,,,,,,,
1949,2021-08-27,19102,90.7,76.6,6.7,0.0,0.0,0.0,6.1
1950,2022-03-05,19102,53.5,26.2,4.05,0.0,0.0,0.0,11.0
1951,2023-11-28,19102,38.7,30.8,2.7,0.0,0.0,0.0,17.4
1952,2022-07-26,19102,85.0,73.9,6.15,0.0,0.0,0.0,8.5
1953,2017-10-17,19102,,,,,,,
1954,2023-02-10,19102,59.7,49.3,3.7,0.0,0.0,0.0,15.9
1955,2017-08-10,19102,,,,,,,
1956,2017-06-03,19102,,,,,,,
1957,2022-06-15,19102,87.3,63.7,7.7,0.0,0.0,0.0,13.5
1958,2023-11-11,19102,56.2,37.2,3.35,0.0,0.0,0.0,7.9
1959,2021-01-24,19102,34.6,24.5,,0.0,0.0,0.0,11.0
1960,2021-06-25,19102,83.0,55.3,7.55,0.0,0.0,0.0,9.3
1961,2021-06-29,19102,93.9,75.2,7.6,0.0,0.0,0.0,11.3
1962,2018-06-27,19102,75.9,62.5,,0.0,0.0,0.0,7.4
1963,2022-11-19,19102,42.5,30.0,2.95,0.0,0.0,0.0,12.8
1964,2017-03-12,19102,,,,,,,
1965,2021-01-27,19102,38.8,33.3,,0.0,0.0,0.0,12.7
1966,2022-10-28,19102,58.6,43.0,3.35,0.0,0.0,0.0,10.7
1967,2018-01-24,19102,49.1,37.3,,0.0,0.0,0.0,10.0
1968,2024-03-10,19102,50.1,38.7,4.85,0.894,0.894,0.0,20.1
1969,2022-10-31,19102,62.9,44.7,3.65,0.016,0.016,0.0,5.8
1970,2018-03-02,19102,47.7,32.9,,2.114,2.114,0.0,23.3
1971,2023-01-01,19102,54.4,45.4,2.55,0.146,0.146,0.0,8.6
1972,2024-05-06,19102,72.7,57.0,3.85,0.0,0.0,0.0,4.7
1973,2023-12-11,19102,61.2,35.4,2.45,1.587,1.587,0.0,17.6
1974,2018-01-05,19102,22.9,9.9,,0.0,0.0,0.0,16.1
1975,2017-01-11,19102,,,,,,,
1976,2020-11-28,19102,55.7,46.4,,0.0,0.0,0.0,9.0
1977,2016-05-30,19102,,,,,,,
1978,2020-04-23,19102,59.7,38.2,,0.0,0.0,0.0,7.5
1979,2021-05-07,19102,68.6,44.3,6.9,0.0,0.0,0.0,7.8
1980,2021-09-10,19102,77.5,60.4,6.1,0.0,0.0,0.0,14.5
1981,2023-03-29,19102,57.1,36.2,5.85,0.0,0.0,0.0,9.2
1982,2017-08-30,19102,,,,,,,
1983,2022-02-11,19102,61.0,32.1,3.7,0.0,0.0,0.0,13.3
1984,2023-01-13,19102,56.3,40.8,2.0,0.0,0.0,0.0,14.8
1985,2017-08-08,19102,,,,,,,
1986,2023-08-22,19102,83.6,71.5,6.55,0.0,0.0,0.0,10.8
1987,2016-03-12,19102,,,,,,,
1988,2020-09-18,19102,71.5,61.8,,0.083,0.083,0.0,11.1
1989,2024-02-03,19102,46.7,36.1,3.3,0.0,0.0,0.0,9.1
1990,2017-11-15,19102,,,,,,,
1991,2018-01-30,19102,40.4,28.6,,0.331,0.324,0.046,10.4
1992,2023-11-12,19102,52.2,35.8,3.0,0.0,0.0,0.0,8.1
1993,2021-10-18,19102,60.7,47.4,3.85,0.0,0.0,0.0,12.8
1994,2020-10-28,19102,64.0,55.1,,0.016,0.016,0.0,7.1
1995,2022-04-29,19102,64.6,40.7,6.9,0.0,0.0,0.0,13.7
1996,2023-08-10,19102,82.8,71.6,3.0,0.173,0.173,0.0,10.1
1997,2023-12-08,19102,51.6,31.2,2.55,0.0,0.0,0.0,7.2
1998,2024-06-28,19102,84.1,64.0,7.65,0.0,0.0,0.0,11.0
1999,2022-03-22,19102,61.5,46.1,4.5,0.0,0.0,0.0,8.4
2000,2022-07-02,19102,90.8,77.4,7.65,0.0,0.0,0.0,10.8
2001,2018-03-24,19102,46.0,32.0,,0.0,0.0,0.0,7.0
2002,2023-10-13,19102,66.8,53.1,4.7,0.0,0.0,0.0,8.6
2003,2023-12-26,19102,47.6,42.8,2.3,0.0,0.0,0.0,8.6
2004,2020-02-07,19102,58.2,36.6,,0.268,0.268,0.0,20.3
2005,2023-12-23,19102,45.6,30.9,2.25,0.0,0.0,0.0,6.5
2006,2021-09-06,19102,86.1,69.7,6.3,0.0,0.0,0.0,13.9
2007,2018-02-23,19102,42.7,37.6,,0.268,0.268,0.0,9.8
2008,2021-11-19,19102,66.2,40.0,2.95,0.169,0.169,0.0,15.7
2009,2022-08-31,19102,84.7,69.5,6.5,0.0,0.0,0.0,12.3
2010,2018-05-16,19102,68.5,61.3,,0.366,0.366,0.0,8.5
2011,2023-07-01,19102,86.3,68.5,7.4,0.0,0.0,0.0,9.8
2012,2024-03-18,19102,59.4,43.4,5.25,0.0,0.0,0.0,16.5
2013,2023-08-03,19102,80.6,64.8,6.4,0.0,0.0,0.0,12.3
2014,2022-03-14,19102,59.6,31.8,5.25,0.0,0.0,0.0,9.3
2015,2018-03-09,19102,38.9,28.0,,0.0,0.0,0.0,11.7
2016,2022-03-30,19102,48.1,29.9,4.4,0.0,0.0,0.0,8.9
2017,2021-06-03,19102,78.9,61.9,6.1,0.0,0.0,0.0,8.3
2018,2020-12-29,19102,41.6,33.4,,0.0,0.0,0.0,15.7
2019,2020-09-21,19102,66.3,41.7,,0.0,0.0,0.0,9.9
2020,2023-07-30,19102,81.5,65.2,7.45,0.0,0.0,0.0,11.8
2021,2022-03-15,19102,68.5,38.2,4.45,0.0,0.0,0.0,8.8
2022,2022-02-12,19102,58.5,48.6,3.75,0.0,0.0,0.0,13.9
2023,2017-09-29,19102,,,,,,,
2024,2017-08-14,19102,,,,,,,
2025,2016-10-26,19102,,,,,,,
2026,2020-09-01,19102,77.6,65.8,,0.016,0.016,0.0,7.2
2027,2021-04-17,19102,58.2,44.3,4.85,0.0,0.0,0.0,10.6
2028,2024-05-16,19102,67.3,59.9,1.3,0.016,0.016,0.0,13.0
2029,2024-01-28,19102,44.4,38.7,1.05,0.783,0.783,0.0,13.6
2030,2021-12-21,19102,41.3,25.7,1.95,0.0,0.0,0.0,5.1
2031,2020-09-24,19102,73.4,56.8,,0.0,0.0,0.0,3.7
2032,2020-06-26,19102,85.7,65.5,,0.0,0.0,0.0,8.5
2033,2022-08-28,19102,85.5,75.1,5.3,0.11,0.11,0.0,13.5
2034,2020-04-21,19102,59.2,43.0,,0.0,0.0,0.0,14.6
2035,2023-12-27,19102,49.9,44.2,1.0,0.087,0.087,0.0,11.9
2036,2021-01-29,19102,28.1,22.9,,0.0,0.0,0.0,20.5
2037,2020-06-11,19102,83.8,71.3,,0.169,0.169,0.0,10.8
2038,2017-09-16,19102,,,,,,,
2039,2022-11-26,19102,57.8,39.1,2.9,0.0,0.0,0.0,13.3
2040,2022-10-19,19102,55.4,37.4,4.25,0.0,0.0,0.0,13.3
2041,2023-10-27,19102,72.4,55.8,2.6,0.0,0.0,0.0,4.6
2042,2017-12-21,19102,,,,,,,
2043,2023-09-20,19102,77.3,56.6,5.75,0.0,0.0,0.0,9.8
2044,2019-07-23,19102,75.7,68.5,,0.681,0.681,0.0,9.8
2045,2017-12-27,19102,,,,,,,
2046,2024-03-25,19102,54.4,32.8,5.85,0.0,0.0,0.0,12.7
2047,2023-05-29,19102,81.4,60.9,6.5,0.0,0.0,0.0,16.1
2048,2023-11-14,19102,57.0,38.3,3.15,0.0,0.0,0.0,12.4
2049,2017-09-20,19102,,,,,,,
2050,2020-11-23,19102,56.9,45.2,,0.043,0.043,0.0,15.6
2051,2021-10-31,19102,62.5,51.4,2.85,0.016,0.016,0.0,10.7
2052,2016-12-28,19102,,,,,,,
2053,2023-07-29,19102,92.9,74.0,7.4,0.224,0.224,0.0,13.0
2054,2021-05-03,19102,78.9,61.2,3.7,0.0,0.0,0.0,11.5
2055,2024-02-18,19102,44.0,24.7,3.9,0.0,0.0,0.0,17.4
2056,2021-07-30,19102,87.4,73.1,7.35,0.0,0.0,0.0,13.1
2057,2017-08-17,19102,,,,,,,
2058,2022-04-01,19102,66.1,50.0,4.75,0.567,0.567,0.0,20.1
2059,2022-10-22,19102,69.3,40.4,4.25,0.0,0.0,0.0,4.5
2060,2018-04-25,19102,66.0,53.7,,0.457,0.457,0.0,9.5
2061,2020-12-24,19102,60.5,36.3,,0.0,0.0,0.0,15.3
2062,2023-02-02,19102,40.6,25.3,3.45,0.0,0.0,0.0,9.5
2063,2020-09-11,19102,76.8,71.7,,0.059,0.059,0.0,8.3
2064,2017-10-31,19102,,,,,,,
2065,2023-01-10,19102,43.1,32.6,2.05,0.0,0.0,0.0,6.6
2066,2023-03-18,19102,56.4,42.2,5.15,0.0,0.0,0.0,13.7
2067,2021-11-03,19102,51.8,35.5,3.6,0.0,0.0,0.0,9.7
2068,2017-12-12,19102,,,,,,,
2069,2017-05-20,19102,,,,,,,
2070,2023-10-16,19102,62.1,43.9,3.65,0.0,0.0,0.0,10.2
2071,2018-02-13,19102,40.9,25.5,,0.0,0.0,0.0,6.8
2072,2021-10-25,19102,77.2,54.7,3.8,0.0,0.0,0.0,9.0
2073,2023-04-21,19102,82.5,50.7,6.6,0.0,0.0,0.0,13.5
2074,2024-02-23,19102,48.0,40.1,1.9,0.126,0.126,0.0,7.8
2075,2023-09-08,19102,93.7,73.2,6.2,0.0,0.0,0.0,9.6
2076,2023-01-21,19102,42.0,37.7,2.85,0.0,0.0,0.0,10.9
2077,2017-06-06,19102,,,,,,,
2078,2022-06-24,19102,83.0,62.0,7.55,0.0,0.0,0.0,6.1
2079,2023-05-03,19102,53.6,45.3,5.0,0.067,0.067,0.0,11.1
2080,2017-08-15,19102,,,,,,,
2081,2023-01-20,19102,47.1,40.3,2.8,1.15,1.15,0.0,18.3
2082,2017-12-15,19102,,,,,,,
2083,2022-06-23,19102,72.3,62.8,1.7,0.083,0.083,0.0,8.6
2084,2024-05-30,19102,75.2,58.1,7.35,0.0,0.0,0.0,13.8
2085,2023-09-18,19102,69.8,62.5,2.7,0.283,0.283,0.0,9.2
2086,2023-01-03,19102,56.5,48.1,0.75,0.016,0.016,0.0,6.8
2087,2023-04-05,19102,70.9,56.7,6.35,0.0,0.0,0.0,13.2
2088,2020-11-16,19102,63.4,44.7,,1.134,1.134,0.0,16.9
2089,2023-08-29,19102,78.9,69.1,4.9,0.0,0.0,0.0,9.2
2090,2021-04-18,19102,64.6,47.3,4.85,0.0,0.0,0.0,9.2
2091,2023-09-05,19102,92.2,78.6,6.35,0.0,0.0,0.0,7.9
2092,2016-02-16,19102,,,,,,,
2093,2023-04-28,19102,55.2,49.1,2.65,0.465,0.465,0.0,16.3
2094,2017-08-23,19102,,,,,,,
2095,2023-11-09,19102,66.9,41.6,3.4,0.0,0.0,0.0,7.0
2096,2017-11-06,19102,,,,,,,
2097,2018-06-26,19102,81.9,60.8,,0.0,0.0,0.0,8.9
2098,2024-04-14,19102,76.5,46.5,6.4,0.0,0.0,0.0,18.5
2099,2019-09-06,19102,70.2,60.3,,0.016,0.016,0.0,11.5
2100,2022-02-18,19102,62.7,36.5,4.2,0.571,0.571,0.0,20.3
2101,2023-03-08,19102,48.7,33.7,4.95,0.0,0.0,0.0,20.1
2102,2023-06-19,19102,87.4,63.0,7.65,0.0,0.0,0.0,10.6
2103,2020-07-01,19102,81.1,67.4,,0.0,0.0,0.0,9.1
2104,2018-06-04,19102,72.2,52.2,,0.783,0.783,0.0,10.2
2105,2017-03-22,19102,,,,,,,
2106,2022-07-16,19102,87.4,72.0,7.15,0.0,0.0,0.0,12.4
2107,2023-11-24,19102,52.8,38.2,2.6,0.0,0.0,0.0,9.0
2108,2022-01-21,19102,29.3,15.8,2.6,0.0,0.0,0.0,11.4
2109,2024-03-29,19102,58.2,39.3,5.9,0.0,0.0,0.0,19.3
2110,2023-09-24,19102,67.6,59.8,0.45,2.528,2.528,0.0,15.4
2111,2021-03-29,19102,56.6,42.5,5.85,0.055,0.055,0.0,18.0
2112,2018-02-15,19102,60.9,44.7,,0.354,0.354,0.0,7.2
2113,2024-01-01,19102,44.5,37.5,1.45,0.0,0.0,0.0,6.7
2114,2017-02-04,19102,,,,,,,
2115,2020-08-11,19102,86.4,73.6,,0.0,0.0,0.0,6.3
2116,2017-10-07,19102,,,,,,,
2117,2022-09-26,19102,76.3,57.6,5.25,0.016,0.016,0.0,12.1
2118,2023-08-27,19102,85.8,68.7,6.75,0.0,0.0,0.0,7.7
2119,2024-01-13,19102,58.2,39.0,2.35,0.878,0.878,0.0,20.0
2120,2021-08-05,19102,85.3,64.1,7.25,0.0,0.0,0.0,9.7
2121,2021-09-19,19102,80.5,64.6,5.8,0.0,0.0,0.0,10.6
2122,2022-10-29,19102,61.2,40.0,3.85,0.0,0.0,0.0,8.0
2123,2018-11-12,19102,47.5,29.5,,0.0,0.0,0.0,3.5
2124,2023-02-03,19102,36.6,22.3,3.4,0.0,0.0,0.0,18.6
2125,2018-01-11,19102,56.6,33.0,,0.0,0.0,0.0,4.2
2126,2023-03-25,19102,47.8,43.5,0.55,0.075,0.075,0.0,15.1
2127,2022-06-13,19102,89.4,68.2,7.55,0.0,0.0,0.0,9.8
2128,2018-02-10,19102,47.0,32.1,,0.13,0.13,0.0,7.1
2129,2022-03-16,19102,70.6,42.0,5.5,0.0,0.0,0.0,9.5
2130,2024-04-20,19102,70.7,51.4,6.7,0.016,0.016,0.0,15.1
2131,2017-11-14,19102,,,,,,,
2132,2024-02-09,19102,58.9,39.4,3.55,0.0,0.0,0.0,5.8
2133,2017-11-17,19102,,,,,,,
2134,2018-02-22,19102,71.9,39.3,,1.878,1.878,0.0,11.4
2135,2021-04-16,19102,56.5,42.1,4.6,0.0,0.0,0.0,14.2
2136,2021-11-05,19102,54.2,33.9,3.5,0.0,0.0,0.0,8.2
2137,2022-07-19,19102,91.8,74.0,7.6,0.0,0.0,0.0,11.8
2138,2024-06-19,19102,91.3,70.6,7.65,0.0,0.0,0.0,8.5
2139,2024-07-16,19102,99.4,77.7,7.6,0.0,0.0,0.0,14.6
2140,2018-04-27,19102,64.3,52.4,,0.362,0.362,0.0,6.2
2141,2023-11-03,19102,58.2,32.7,3.6,0.0,0.0,0.0,9.0
2142,2020-09-30,19102,71.5,57.4,,0.496,0.496,0.0,12.7
2143,2021-02-04,19102,38.7,28.1,,0.0,0.0,0.0,11.1
